SlNo,State_Code,State,District_Key,District,Confirmed,Active,Recovered,Deceased,Migrated_Other,Delta_Confirmed,Delta_Active,Delta_Recovered,Delta_Deceased,District_Notes,Last_Updated
0,UN,State Unassigned,UN_Unassigned,Unassigned,0,0,0,0,0,0,0,0,0,,
1,AN,Andaman and Nicobar Islands,AN_Nicobars,Nicobars,0,0,0,0,0,0,0,0,0,District-wise numbers are out-dated as cumulative counts for each district are not reported in bulletin,
2,AN,Andaman and Nicobar Islands,AN_North and Middle Andaman,North and Middle Andaman,1,0,1,0,0,0,0,0,0,District-wise numbers are out-dated as cumulative counts for each district are not reported in bulletin,
3,AN,Andaman and Nicobar Islands,AN_South Andaman,South Andaman,51,19,32,0,0,0,0,0,0,District-wise numbers are out-dated as cumulative counts for each district are not reported in bulletin,
0,AP,Andhra Pradesh,AP_Foreign Evacuees,Foreign Evacuees,434,0,434,0,0,0,0,0,0,,
4,AP,Andhra Pradesh,AP_Anantapur,Anantapur,50813,3570,46818,425,0,0,0,0,0,,
5,AP,Andhra Pradesh,AP_Chittoor,Chittoor,51516,7854,43110,552,0,0,0,0,0,,
6,AP,Andhra Pradesh,AP_East Godavari,East Godavari,81064,12036,68561,467,0,0,0,0,0,,
7,AP,Andhra Pradesh,AP_Guntur,Guntur,47330,7157,39698,475,0,0,0,0,0,,
8,AP,Andhra Pradesh,AP_Krishna,Krishna,22269,2986,18921,362,0,0,0,0,0,,
9,AP,Andhra Pradesh,AP_Kurnool,Kurnool,52704,3982,48293,429,0,0,0,0,0,,
0,AP,Andhra Pradesh,AP_Other State,Other State,2461,0,2461,0,0,0,0,0,0,,
10,AP,Andhra Pradesh,AP_Prakasam,Prakasam,38738,13312,25031,395,0,0,0,0,0,,
11,AP,Andhra Pradesh,AP_S.P.S. Nellore,S.P.S. Nellore,45512,4124,40983,405,0,0,0,0,0,,
12,AP,Andhra Pradesh,AP_Srikakulam,Srikakulam,33920,5957,27665,298,0,0,0,0,0,,
13,AP,Andhra Pradesh,AP_Visakhapatnam,Visakhapatnam,45237,5840,39027,370,0,0,0,0,0,,
14,AP,Andhra Pradesh,AP_Vizianagaram,Vizianagaram,29503,9872,19425,206,0,0,0,0,0,,
15,AP,Andhra Pradesh,AP_West Godavari,West Godavari,53571,8710,44460,401,0,0,0,0,0,,
16,AP,Andhra Pradesh,AP_Y.S.R. Kadapa,Y.S.R. Kadapa,37688,4879,32489,320,0,0,0,0,0,,
17,AR,Arunachal Pradesh,AR_Anjaw,Anjaw,83,31,52,0,0,0,0,0,0,,
18,AR,Arunachal Pradesh,AR_Changlang,Changlang,635,125,508,2,0,0,0,0,0,,
19,AR,Arunachal Pradesh,AR_East Kameng,East Kameng,251,24,227,0,0,0,0,0,0,,
20,AR,Arunachal Pradesh,AR_East Siang,East Siang,434,164,269,1,0,0,0,0,0,,
21,AR,Arunachal Pradesh,AR_Kamle,Kamle,3,0,3,0,0,0,0,0,0,,
22,AR,Arunachal Pradesh,AR_Kra Daadi,Kra Daadi,4,1,3,0,0,0,0,0,0,,
23,AR,Arunachal Pradesh,AR_Kurung Kumey,Kurung Kumey,19,7,12,0,0,0,0,0,0,,
24,AR,Arunachal Pradesh,AR_Lepa Rada,Lepa Rada,82,15,67,0,0,0,0,0,0,,
25,AR,Arunachal Pradesh,AR_Lohit,Lohit,193,41,152,0,0,0,0,0,0,,
26,AR,Arunachal Pradesh,AR_Longding,Longding,93,33,60,0,0,0,0,0,0,,
27,AR,Arunachal Pradesh,AR_Lower Dibang Valley,Lower Dibang Valley,168,97,71,0,0,0,0,0,0,,
28,AR,Arunachal Pradesh,AR_Lower Siang,Lower Siang,152,21,131,0,0,0,0,0,0,,
29,AR,Arunachal Pradesh,AR_Lower Subansiri,Lower Subansiri,137,77,60,0,0,0,0,0,0,,
30,AR,Arunachal Pradesh,AR_Namsai,Namsai,214,17,196,1,0,0,0,0,0,,
31,AR,Arunachal Pradesh,AR_Pakke Kessang,Pakke Kessang,32,4,28,0,0,0,0,0,0,,
32,AR,Arunachal Pradesh,AR_Papum Pare,Papum Pare,2582,775,1802,5,0,0,0,0,0,,
33,AR,Arunachal Pradesh,AR_Shi Yomi,Shi Yomi,21,2,19,0,0,0,0,0,0,,
34,AR,Arunachal Pradesh,AR_Siang,Siang,44,2,42,0,0,0,0,0,0,,
35,AR,Arunachal Pradesh,AR_Tawang,Tawang,239,71,167,1,0,0,0,0,0,,
36,AR,Arunachal Pradesh,AR_Tirap,Tirap,232,57,175,0,0,0,0,0,0,,
37,AR,Arunachal Pradesh,AR_Upper Dibang Valley,Upper Dibang Valley,4,3,1,0,0,0,0,0,0,,
38,AR,Arunachal Pradesh,AR_Upper Siang,Upper Siang,107,35,72,0,0,0,0,0,0,,
39,AR,Arunachal Pradesh,AR_Upper Subansiri,Upper Subansiri,171,21,150,0,0,0,0,0,0,,
40,AR,Arunachal Pradesh,AR_West Kameng,West Kameng,449,76,370,3,0,0,0,0,0,,
41,AR,Arunachal Pradesh,AR_West Siang,West Siang,343,193,150,0,0,0,0,0,0,,
0,AS,Assam,AS_Airport Quarantine,Airport Quarantine,13,0,13,0,0,0,0,0,0,,
42,AS,Assam,AS_Baksa,Baksa,687,235,447,5,0,0,0,0,0,,
43,AS,Assam,AS_Barpeta,Barpeta,1121,93,1024,4,0,0,0,0,0,,
44,AS,Assam,AS_Biswanath,Biswanath,467,88,379,0,0,0,0,0,0,,
45,AS,Assam,AS_Bongaigaon,Bongaigaon,1303,466,834,3,0,0,0,0,0,,
46,AS,Assam,AS_Cachar,Cachar,6111,4585,1498,28,0,0,0,0,0,,
47,AS,Assam,AS_Charaideo,Charaideo,113,5,105,3,0,0,0,0,0,,
48,AS,Assam,AS_Chirang,Chirang,280,59,219,2,0,0,0,0,0,,
49,AS,Assam,AS_Darrang,Darrang,1967,225,1730,12,0,0,0,0,0,,
50,AS,Assam,AS_Dhemaji,Dhemaji,765,323,440,2,0,0,0,0,0,,
51,AS,Assam,AS_Dhubri,Dhubri,1723,504,1215,4,0,0,0,0,0,,
52,AS,Assam,AS_Dibrugarh,Dibrugarh,8653,6191,2409,53,0,0,0,0,0,,
53,AS,Assam,AS_Dima Hasao,Dima Hasao,237,38,199,0,0,0,0,0,0,,
54,AS,Assam,AS_Goalpara,Goalpara,658,38,568,1,0,0,0,0,0,,
55,AS,Assam,AS_Golaghat,Golaghat,2896,1230,1656,10,0,0,0,0,0,,
56,AS,Assam,AS_Hailakandi,Hailakandi,1632,509,1116,7,0,0,0,0,0,,
57,AS,Assam,AS_Hojai,Hojai,1646,478,1160,8,0,0,0,0,0,,
58,AS,Assam,AS_Jorhat,Jorhat,6396,4627,1752,17,0,0,0,0,0,,
59,AS,Assam,AS_Kamrup,Kamrup,4590,2496,2074,20,0,0,0,0,0,,
60,AS,Assam,AS_Kamrup Metropolitan,Kamrup Metropolitan,38844,24169,14599,76,0,0,0,0,0,,
61,AS,Assam,AS_Karbi Anglong,Karbi Anglong,632,72,552,8,0,0,0,0,0,,
62,AS,Assam,AS_Karimganj,Karimganj,1200,222,955,23,0,0,0,0,0,,
63,AS,Assam,AS_Kokrajhar,Kokrajhar,408,47,353,8,0,0,0,0,0,,
64,AS,Assam,AS_Lakhimpur,Lakhimpur,2449,1312,1135,2,0,0,0,0,0,,
65,AS,Assam,AS_Majuli,Majuli,165,84,80,1,0,0,0,0,0,,
66,AS,Assam,AS_Morigaon,Morigaon,638,79,557,2,0,0,0,0,0,,
67,AS,Assam,AS_Nagaon,Nagaon,4515,1999,2506,10,0,0,0,0,0,,
68,AS,Assam,AS_Nalbari,Nalbari,948,111,828,9,0,0,0,0,0,,
0,AS,Assam,AS_Other State,Other State,1,0,1,0,0,0,0,0,0,,
69,AS,Assam,AS_Sivasagar,Sivasagar,529,46,473,10,0,0,0,0,0,,
70,AS,Assam,AS_Sonitpur,Sonitpur,2351,620,1727,4,0,0,0,0,0,,
71,AS,Assam,AS_South Salmara Mankachar,South Salmara Mankachar,51,4,47,0,0,0,0,0,0,,
72,AS,Assam,AS_Tinsukia,Tinsukia,3366,1545,1798,23,0,0,0,0,0,,
73,AS,Assam,AS_Udalguri,Udalguri,758,88,666,4,0,0,0,0,0,,
74,AS,Assam,AS_West Karbi Anglong,West Karbi Anglong,39,1,37,1,0,0,0,0,0,,
75,BR,Bihar,BR_Araria,Araria,4433,640,3779,14,0,0,0,0,0,,
76,BR,Bihar,BR_Arwal,Arwal,1584,138,1439,7,0,0,0,0,0,,
77,BR,Bihar,BR_Aurangabad,Aurangabad,3372,271,3091,10,0,0,0,0,0,,
78,BR,Bihar,BR_Banka,Banka,2054,219,1827,8,0,0,0,0,0,,
79,BR,Bihar,BR_Begusarai,Begusarai,5955,239,5693,23,0,0,0,0,0,,
80,BR,Bihar,BR_Bhagalpur,Bhagalpur,6796,618,6123,55,0,0,0,0,0,,
81,BR,Bihar,BR_Bhojpur,Bhojpur,3899,141,3727,31,0,0,0,0,0,,
82,BR,Bihar,BR_Buxar,Buxar,3224,146,3067,11,0,0,0,0,0,,
83,BR,Bihar,BR_Darbhanga,Darbhanga,2863,355,2488,20,0,0,0,0,0,,
101,BR,Bihar,BR_East Champaran,East Champaran,5940,469,5437,34,0,0,0,0,0,,
84,BR,Bihar,BR_Gaya,Gaya,5232,322,4866,44,0,0,0,0,0,,
85,BR,Bihar,BR_Gopalganj,Gopalganj,3582,536,3044,2,0,0,0,0,0,,
86,BR,Bihar,BR_Jamui,Jamui,1916,166,1744,6,0,0,0,0,0,,
87,BR,Bihar,BR_Jehanabad,Jehanabad,2692,174,2510,8,0,0,0,0,0,,
88,BR,Bihar,BR_Kaimur,Kaimur,1478,108,1361,9,0,0,0,0,0,,
89,BR,Bihar,BR_Katihar,Katihar,5250,351,4888,11,0,0,0,0,0,,
90,BR,Bihar,BR_Khagaria,Khagaria,2548,128,2411,9,0,0,0,0,0,,
91,BR,Bihar,BR_Kishanganj,Kishanganj,2682,284,2388,10,0,0,0,0,0,,
92,BR,Bihar,BR_Lakhisarai,Lakhisarai,2327,345,1975,7,0,0,0,0,0,,
93,BR,Bihar,BR_Madhepura,Madhepura,2702,299,2394,9,0,0,0,0,0,,
94,BR,Bihar,BR_Madhubani,Madhubani,5524,475,5033,16,0,0,0,0,0,,
95,BR,Bihar,BR_Munger,Munger,2656,171,2449,36,0,0,0,0,0,,
96,BR,Bihar,BR_Muzaffarpur,Muzaffarpur,7248,575,6642,31,0,0,0,0,0,,
97,BR,Bihar,BR_Nalanda,Nalanda,5279,459,4782,38,0,0,0,0,0,,
98,BR,Bihar,BR_Nawada,Nawada,2498,245,2237,16,0,0,0,0,0,,
100,BR,Bihar,BR_Patna,Patna,24592,1863,22537,192,0,0,0,0,0,,
102,BR,Bihar,BR_Purnia,Purnia,5194,529,4656,9,0,0,0,0,0,,
103,BR,Bihar,BR_Rohtas,Rohtas,4913,275,4604,34,0,0,0,0,0,,
104,BR,Bihar,BR_Saharsa,Saharsa,4266,572,3687,7,0,0,0,0,0,,
105,BR,Bihar,BR_Samastipur,Samastipur,3877,272,3578,27,0,0,0,0,0,,
106,BR,Bihar,BR_Saran,Saran,5054,395,4632,27,0,0,0,0,0,,
107,BR,Bihar,BR_Sheikhpura,Sheikhpura,2020,148,1867,5,0,0,0,0,0,,
108,BR,Bihar,BR_Sheohar,Sheohar,960,88,871,1,0,0,0,0,0,,
109,BR,Bihar,BR_Sitamarhi,Sitamarhi,3159,195,2954,10,0,0,0,0,0,,
110,BR,Bihar,BR_Siwan,Siwan,3368,229,3120,19,0,0,0,0,0,,
111,BR,Bihar,BR_Supaul,Supaul,3333,494,2831,8,0,0,0,0,0,,
112,BR,Bihar,BR_Vaishali,Vaishali,3857,212,3616,28,1,0,0,0,0,,
99,BR,Bihar,BR_West Champaran,West Champaran,4305,380,3909,16,0,0,0,0,0,,
113,CH,Chandigarh,CH_Chandigarh,Chandigarh,8958,3171,5683,101,3,0,0,0,0,,
0,CT,Chhattisgarh,CT_Other State,Other State,141,79,49,13,0,0,0,0,0,,
114,CT,Chhattisgarh,CT_Balod,Balod,1287,712,574,1,0,0,0,0,0,,
115,CT,Chhattisgarh,CT_Baloda Bazar,Baloda Bazar,1949,922,1015,12,0,0,0,0,0,,
116,CT,Chhattisgarh,CT_Balrampur,Balrampur,632,237,394,1,0,0,0,0,0,,
117,CT,Chhattisgarh,CT_Bametara,Bametara,813,262,543,8,0,0,0,0,0,,
118,CT,Chhattisgarh,CT_Bastar,Bastar,1647,672,970,5,0,0,0,0,0,,
119,CT,Chhattisgarh,CT_Bijapur,Bijapur,1066,511,549,6,0,0,0,0,0,,
120,CT,Chhattisgarh,CT_Bilaspur,Bilaspur,5285,3261,1960,64,0,0,0,0,0,,
121,CT,Chhattisgarh,CT_Dakshin Bastar Dantewada,Dakshin Bastar Dantewada,878,521,354,3,0,0,0,0,0,,
122,CT,Chhattisgarh,CT_Dhamtari,Dhamtari,1117,670,445,2,0,0,0,0,0,,
123,CT,Chhattisgarh,CT_Durg,Durg,7008,3973,2976,59,0,0,0,0,0,,
124,CT,Chhattisgarh,CT_Gariaband,Gariaband,860,303,550,7,0,0,0,0,0,,
125,CT,Chhattisgarh,CT_Janjgir Champa,Janjgir Champa,2861,1629,1217,15,0,0,0,0,0,,
126,CT,Chhattisgarh,CT_Jashpur,Jashpur,781,238,541,2,0,0,0,0,0,,
127,CT,Chhattisgarh,CT_Kabeerdham,Kabeerdham,1420,961,454,5,0,0,0,0,0,,
128,CT,Chhattisgarh,CT_Kondagaon,Kondagaon,799,389,409,1,0,0,0,0,0,,
129,CT,Chhattisgarh,CT_Korba,Korba,1728,670,1053,5,0,0,0,0,0,,
130,CT,Chhattisgarh,CT_Koriya,Koriya,1000,547,445,8,0,0,0,0,0,,
131,CT,Chhattisgarh,CT_Mahasamund,Mahasamund,1548,846,686,16,0,0,0,0,0,,
132,CT,Chhattisgarh,CT_Mungeli,Mungeli,857,523,334,0,0,0,0,0,0,,
133,CT,Chhattisgarh,CT_Narayanpur,Narayanpur,856,203,653,0,0,0,0,0,0,,
134,CT,Chhattisgarh,CT_Raigarh,Raigarh,4165,1825,2306,34,0,0,0,0,0,,
135,CT,Chhattisgarh,CT_Raipur,Raipur,24338,12086,11964,288,0,0,0,0,0,,
136,CT,Chhattisgarh,CT_Rajnandgaon,Rajnandgaon,5973,3136,2804,33,0,0,0,0,0,,
137,CT,Chhattisgarh,CT_Sukma,Sukma,969,351,615,3,0,0,0,0,0,,
138,CT,Chhattisgarh,CT_Surajpur,Surajpur,980,518,458,4,0,0,0,0,0,,
139,CT,Chhattisgarh,CT_Surguja,Surguja,1568,691,867,10,0,0,0,0,0,,
140,CT,Chhattisgarh,CT_Uttar Bastar Kanker,Uttar Bastar Kanker,1228,558,664,6,0,0,0,0,0,,
766,CT,Chhattisgarh,CT_Gaurela Pendra Marwahi,Gaurela Pendra Marwahi,212,176,36,0,0,0,0,0,0,,
144,DL,Delhi,DL_Central Delhi,Central Delhi,184,184,0,0,0,0,0,0,0,District-wise numbers are out-dated as cumulative counts for each district are not reported in bulletin,
145,DL,Delhi,DL_East Delhi,East Delhi,38,38,0,0,0,0,0,0,0,District-wise numbers are out-dated as cumulative counts for each district are not reported in bulletin,
146,DL,Delhi,DL_New Delhi,New Delhi,37,37,0,0,0,0,0,0,0,District-wise numbers are out-dated as cumulative counts for each district are not reported in bulletin,
147,DL,Delhi,DL_North Delhi,North Delhi,60,60,0,0,0,0,0,0,0,District-wise numbers are out-dated as cumulative counts for each district are not reported in bulletin,
148,DL,Delhi,DL_North East Delhi,North East Delhi,25,25,0,0,0,0,0,0,0,District-wise numbers are out-dated as cumulative counts for each district are not reported in bulletin,
149,DL,Delhi,DL_North West Delhi,North West Delhi,32,31,0,1,0,0,0,0,0,District-wise numbers are out-dated as cumulative counts for each district are not reported in bulletin,
150,DL,Delhi,DL_Shahdara,Shahdara,48,48,0,0,0,0,0,0,0,District-wise numbers are out-dated as cumulative counts for each district are not reported in bulletin,
151,DL,Delhi,DL_South Delhi,South Delhi,70,70,0,0,0,0,0,0,0,District-wise numbers are out-dated as cumulative counts for each district are not reported in bulletin,
152,DL,Delhi,DL_South East Delhi,South East Delhi,130,130,0,0,0,0,0,0,0,District-wise numbers are out-dated as cumulative counts for each district are not reported in bulletin,
153,DL,Delhi,DL_South West Delhi,South West Delhi,42,42,0,0,0,0,0,0,0,District-wise numbers are out-dated as cumulative counts for each district are not reported in bulletin,
154,DL,Delhi,DL_West Delhi,West Delhi,122,122,0,0,0,0,0,0,0,District-wise numbers are out-dated as cumulative counts for each district are not reported in bulletin,
0,DN,Dadra and Nagar Haveli and Daman and Diu,DN_Other State,Other State,0,0,0,0,0,0,0,0,0,,
141,DN,Dadra and Nagar Haveli and Daman and Diu,DN_Dadra and Nagar Haveli,Dadra and Nagar Haveli,1359,136,1217,1,5,0,0,0,0,,
142,DN,Dadra and Nagar Haveli and Daman and Diu,DN_Daman,Daman,1164,53,1092,1,18,0,0,0,0,,
143,DN,Dadra and Nagar Haveli and Daman and Diu,DN_Diu,Diu,287,27,256,0,4,0,0,0,0,,
0,GA,Goa,GA_Other State,Other State,200,9,190,1,0,0,0,0,0,District-wise numbers are out-dated as cumulative counts for each district are not reported in bulletin,
155,GA,Goa,GA_North Goa,North Goa,2668,1639,964,65,0,0,0,0,0,District-wise numbers are out-dated as cumulative counts for each district are not reported in bulletin,
156,GA,Goa,GA_South Goa,South Goa,3511,1978,1407,126,0,0,0,0,0,District-wise numbers are out-dated as cumulative counts for each district are not reported in bulletin,
0,GJ,Gujarat,GJ_Other State,Other State,162,32,127,3,0,0,0,0,0,,
157,GJ,Gujarat,GJ_Ahmedabad,Ahmedabad,34237,4095,28374,1768,0,0,0,0,0,,
158,GJ,Gujarat,GJ_Amreli,Amreli,1721,389,1309,23,0,0,0,0,0,,
159,GJ,Gujarat,GJ_Anand,Anand,950,71,863,16,0,0,0,0,0,,
160,GJ,Gujarat,GJ_Aravalli,Aravalli,505,116,365,24,0,0,0,0,0,,
161,GJ,Gujarat,GJ_Banaskantha,Banaskantha,1479,-3,1462,20,0,0,0,0,0,,
162,GJ,Gujarat,GJ_Bharuch,Bharuch,1918,205,1697,16,0,0,0,0,0,,
163,GJ,Gujarat,GJ_Bhavnagar,Bhavnagar,3586,404,3130,52,0,0,0,0,0,,
164,GJ,Gujarat,GJ_Botad,Botad,637,149,483,5,0,0,0,0,0,,
165,GJ,Gujarat,GJ_Chhota Udaipur,Chhota Udaipur,428,78,348,2,0,0,0,0,0,,
167,GJ,Gujarat,GJ_Dahod,Dahod,1475,369,1100,6,0,0,0,0,0,,
187,GJ,Gujarat,GJ_Dang,Dang,86,26,60,0,0,0,0,0,0,,
166,GJ,Gujarat,GJ_Devbhumi Dwarka,Devbhumi Dwarka,436,3,429,4,0,0,0,0,0,,
168,GJ,Gujarat,GJ_Gandhinagar,Gandhinagar,3051,510,2474,67,0,0,0,0,0,,
169,GJ,Gujarat,GJ_Gir Somnath,Gir Somnath,1208,176,1015,17,0,0,0,0,0,,
170,GJ,Gujarat,GJ_Jamnagar,Jamnagar,4537,318,4185,34,0,0,0,0,0,,
171,GJ,Gujarat,GJ_Junagadh,Junagadh,2303,305,1969,29,0,0,0,0,0,,
173,GJ,Gujarat,GJ_Kheda,Kheda,1128,74,1038,16,0,0,0,0,0,,
172,GJ,Gujarat,GJ_Kutch,Kutch,1686,435,1220,31,0,0,0,0,0,,
175,GJ,Gujarat,GJ_Mahisagar,Mahisagar,787,157,626,4,0,0,0,0,0,,
174,GJ,Gujarat,GJ_Mehsana,Mehsana,2043,647,1367,29,0,0,0,0,0,,
176,GJ,Gujarat,GJ_Morbi,Morbi,1329,283,1031,15,0,0,0,0,0,,
177,GJ,Gujarat,GJ_Narmada,Narmada,796,104,692,0,0,0,0,0,0,,
178,GJ,Gujarat,GJ_Navsari,Navsari,1066,117,943,6,0,0,0,0,0,,
179,GJ,Gujarat,GJ_Panchmahal,Panchmahal,1939,331,1591,17,0,0,0,0,0,,
180,GJ,Gujarat,GJ_Patan,Patan,1418,170,1209,39,0,0,0,0,0,,
181,GJ,Gujarat,GJ_Porbandar,Porbandar,385,20,361,4,0,0,0,0,0,,
182,GJ,Gujarat,GJ_Rajkot,Rajkot,7132,1996,5018,118,0,0,0,0,0,,
183,GJ,Gujarat,GJ_Sabarkantha,Sabarkantha,896,186,700,10,0,0,0,0,0,,
184,GJ,Gujarat,GJ_Surat,Surat,25102,2580,21817,705,0,0,0,0,0,,
185,GJ,Gujarat,GJ_Surendranagar,Surendranagar,1485,239,1235,11,0,0,0,0,0,,
186,GJ,Gujarat,GJ_Tapi,Tapi,500,39,457,4,0,0,0,0,0,,
188,GJ,Gujarat,GJ_Vadodara,Vadodara,10200,1507,8541,152,0,0,0,0,0,,
189,GJ,Gujarat,GJ_Valsad,Valsad,1098,68,1020,10,0,0,0,0,0,,
212,HP,Himachal Pradesh,HP_Bilaspur,Bilaspur,556,196,359,1,0,0,0,0,0,,
213,HP,Himachal Pradesh,HP_Chamba,Chamba,656,141,506,5,4,0,0,0,0,One death of COVID-19 positive patient has occured due to non-covid reasons,
214,HP,Himachal Pradesh,HP_Hamirpur,Hamirpur,750,126,619,5,0,0,0,0,0,,
215,HP,Himachal Pradesh,HP_Kangra,Kangra,1659,712,927,20,0,0,0,0,0,Death of Tibetan refugee on March 22 included in Kangra district's tally,
216,HP,Himachal Pradesh,HP_Kinnaur,Kinnaur,135,36,99,0,0,0,0,0,0,,
217,HP,Himachal Pradesh,HP_Kullu,Kullu,403,118,284,1,0,0,0,0,0,,
218,HP,Himachal Pradesh,HP_Lahaul and Spiti,Lahaul and Spiti,75,55,20,0,0,0,0,0,0,,
219,HP,Himachal Pradesh,HP_Mandi,Mandi,1088,637,440,11,0,0,0,0,0,,
220,HP,Himachal Pradesh,HP_Shimla,Shimla,727,374,332,14,7,0,0,0,0,One death of COVID-19 positive patient has occured due to non-covid reasons,
221,HP,Himachal Pradesh,HP_Sirmaur,Sirmaur,1333,356,971,6,0,0,0,0,0,,
222,HP,Himachal Pradesh,HP_Solan,Solan,2476,974,1471,18,13,0,0,0,0,,
223,HP,Himachal Pradesh,HP_Una,Una,937,425,503,9,0,0,0,0,0,,
0,HR,Haryana,HR_Foreign Evacuees,Foreign Evacuees,0,0,0,0,0,0,0,0,0,,
190,HR,Haryana,HR_Ambala,Ambala,6390,1311,5016,63,0,0,0,0,0,,
191,HR,Haryana,HR_Bhiwani,Bhiwani,2188,399,1766,23,0,0,0,0,0,,
192,HR,Haryana,HR_Charkhi Dadri,Charkhi Dadri,416,142,273,1,0,0,0,0,0,,
193,HR,Haryana,HR_Faridabad,Faridabad,16701,1835,14669,197,0,0,0,0,0,,
194,HR,Haryana,HR_Fatehabad,Fatehabad,1783,750,1010,23,0,0,0,0,0,,
195,HR,Haryana,HR_Gurugram,Gurugram,16344,2653,13538,153,0,0,0,0,0,,
196,HR,Haryana,HR_Hisar,Hisar,4199,1133,3033,33,0,0,0,0,0,,
0,HR,Haryana,HR_Italians,Italians,0,0,0,0,0,0,0,0,0,,
197,HR,Haryana,HR_Jhajjar,Jhajjar,2003,469,1515,19,0,0,0,0,0,,
198,HR,Haryana,HR_Jind,Jind,1438,508,918,12,0,0,0,0,0,,
199,HR,Haryana,HR_Kaithal,Kaithal,1889,435,1425,29,0,0,0,0,0,,
200,HR,Haryana,HR_Karnal,Karnal,5985,2018,3884,83,0,0,0,0,0,,
201,HR,Haryana,HR_Kurukshetra,Kurukshetra,4143,1725,2351,67,0,0,0,0,0,,
202,HR,Haryana,HR_Mahendragarh,Mahendragarh,2641,476,2161,4,0,0,0,0,0,,
203,HR,Haryana,HR_Nuh,Nuh,997,139,840,18,0,0,0,0,0,,
204,HR,Haryana,HR_Palwal,Palwal,2065,225,1826,14,0,0,0,0,0,,
205,HR,Haryana,HR_Panchkula,Panchkula,4496,1272,3171,53,0,0,0,0,0,,
206,HR,Haryana,HR_Panipat,Panipat,6124,1611,4454,59,0,0,0,0,0,,
207,HR,Haryana,HR_Rewari,Rewari,4731,592,4113,26,0,0,0,0,0,,
208,HR,Haryana,HR_Rohtak,Rohtak,4582,1062,3474,46,0,0,0,0,0,,
209,HR,Haryana,HR_Sirsa,Sirsa,2643,1034,1573,36,0,0,0,0,0,,
210,HR,Haryana,HR_Sonipat,Sonipat,6447,898,5507,42,0,0,0,0,0,,
211,HR,Haryana,HR_Yamunanagar,Yamunanagar,3111,647,2420,44,0,0,0,0,0,,
246,JH,Jharkhand,JH_Bokaro,Bokaro,3177,197,2960,20,0,0,0,0,0,,
247,JH,Jharkhand,JH_Chatra,Chatra,1066,284,777,5,0,0,0,0,0,,
248,JH,Jharkhand,JH_Deoghar,Deoghar,1979,271,1694,14,0,0,0,0,0,,
249,JH,Jharkhand,JH_Dhanbad,Dhanbad,4232,912,3272,48,0,0,0,0,0,,
250,JH,Jharkhand,JH_Dumka,Dumka,831,163,662,6,0,0,0,0,0,,
264,JH,Jharkhand,JH_East Singhbhum,East Singhbhum,11403,3017,8132,254,0,0,0,0,0,,
251,JH,Jharkhand,JH_Garhwa,Garhwa,1637,194,1436,7,0,0,0,0,0,,
252,JH,Jharkhand,JH_Giridih,Giridih,2834,286,2539,9,0,0,0,0,0,,
253,JH,Jharkhand,JH_Godda,Godda,1074,113,955,6,0,0,0,0,0,,
254,JH,Jharkhand,JH_Gumla,Gumla,1365,428,935,2,0,0,0,0,0,,
255,JH,Jharkhand,JH_Hazaribagh,Hazaribagh,2699,583,2095,21,0,0,0,0,0,,
256,JH,Jharkhand,JH_Jamtara,Jamtara,592,64,527,1,0,0,0,0,0,,
257,JH,Jharkhand,JH_Khunti,Khunti,1153,265,885,3,0,0,0,0,0,,
258,JH,Jharkhand,JH_Koderma,Koderma,2420,800,1603,17,0,0,0,0,0,,
259,JH,Jharkhand,JH_Latehar,Latehar,1289,211,1077,1,0,0,0,0,0,,
260,JH,Jharkhand,JH_Lohardaga,Lohardaga,845,153,686,6,0,0,0,0,0,,
261,JH,Jharkhand,JH_Pakur,Pakur,596,55,539,2,0,0,0,0,0,,
262,JH,Jharkhand,JH_Palamu,Palamu,2099,71,2020,8,0,0,0,0,0,,
265,JH,Jharkhand,JH_Ramgarh,Ramgarh,3050,1059,1976,15,0,0,0,0,0,,
266,JH,Jharkhand,JH_Ranchi,Ranchi,14254,3169,10991,94,0,0,0,0,0,,
267,JH,Jharkhand,JH_Sahibganj,Sahibganj,1099,108,982,9,0,0,0,0,0,,
268,JH,Jharkhand,JH_Saraikela-Kharsawan,Saraikela-Kharsawan,2266,817,1442,7,0,0,0,0,0,,
269,JH,Jharkhand,JH_Simdega,Simdega,1455,394,1057,4,0,0,0,0,0,,
263,JH,Jharkhand,JH_West Singhbhum,West Singhbhum,2659,524,2115,20,0,0,0,0,0,,
224,JK,Jammu and Kashmir,JK_Anantnag,Anantnag,3013,740,2219,54,0,0,0,0,0,,
226,JK,Jammu and Kashmir,JK_Bandipora,Bandipora,2963,978,1955,30,0,0,0,0,0,,
227,JK,Jammu and Kashmir,JK_Baramulla,Baramulla,3609,1036,2459,114,0,0,0,0,0,,
225,JK,Jammu and Kashmir,JK_Budgam,Budgam,4066,1562,2430,74,0,0,0,0,0,,
228,JK,Jammu and Kashmir,JK_Doda,Doda,1167,658,494,15,0,0,0,0,0,,
229,JK,Jammu and Kashmir,JK_Ganderbal,Ganderbal,2291,539,1726,26,0,0,0,0,0,,
230,JK,Jammu and Kashmir,JK_Jammu,Jammu,9219,6070,3043,106,0,0,0,0,0,,
231,JK,Jammu and Kashmir,JK_Kathua,Kathua,1502,544,945,13,0,0,0,0,0,,
232,JK,Jammu and Kashmir,JK_Kishtwar,Kishtwar,713,372,338,3,0,0,0,0,0,,
233,JK,Jammu and Kashmir,JK_Kulgam,Kulgam,2121,130,1950,41,0,0,0,0,0,,
234,JK,Jammu and Kashmir,JK_Kupwara,Kupwara,2980,947,1973,60,0,0,0,0,0,,
235,JK,Jammu and Kashmir,JK_Mirpur,Mirpur,0,0,0,0,0,0,0,0,0,,
236,JK,Jammu and Kashmir,JK_Muzaffarabad,Muzaffarabad,0,0,0,0,0,0,0,0,0,,
237,JK,Jammu and Kashmir,JK_Pulwama,Pulwama,3344,508,2774,62,0,0,0,0,0,,
238,JK,Jammu and Kashmir,JK_Punch,Punch,1087,649,432,6,0,0,0,0,0,,
239,JK,Jammu and Kashmir,JK_Rajouri,Rajouri,1773,877,877,19,0,0,0,0,0,,
240,JK,Jammu and Kashmir,JK_Ramban,Ramban,904,239,661,4,0,0,0,0,0,,
241,JK,Jammu and Kashmir,JK_Reasi,Reasi,656,279,374,3,0,0,0,0,0,,
242,JK,Jammu and Kashmir,JK_Samba,Samba,1174,532,633,9,0,0,0,0,0,,
243,JK,Jammu and Kashmir,JK_Shopiyan,Shopiyan,1892,159,1703,30,0,0,0,0,0,,
244,JK,Jammu and Kashmir,JK_Srinagar,Srinagar,12167,1950,9961,256,0,0,0,0,0,,
245,JK,Jammu and Kashmir,JK_Udhampur,Udhampur,1603,734,862,7,0,0,0,0,0,,
270,KA,Karnataka,KA_Bagalkote,Bagalkote,8547,1510,6948,89,0,0,0,0,0,,
271,KA,Karnataka,KA_Ballari,Ballari,27512,5157,22002,353,0,0,0,0,0,,
272,KA,Karnataka,KA_Belagavi,Belagavi,17043,2708,14090,245,0,0,0,0,0,,
274,KA,Karnataka,KA_Bengaluru Rural,Bengaluru Rural,7165,1805,5294,66,0,0,0,0,0,,
273,KA,Karnataka,KA_Bengaluru Urban,Bengaluru Urban,180283,39472,138289,2521,1,0,0,0,0,,
275,KA,Karnataka,KA_Bidar,Bidar,5597,546,4898,149,4,0,0,0,0,,
276,KA,Karnataka,KA_Chamarajanagara,Chamarajanagara,3179,524,2589,55,11,0,0,0,0,,
277,KA,Karnataka,KA_Chikkaballapura,Chikkaballapura,6125,1001,5045,78,1,0,0,0,0,,
278,KA,Karnataka,KA_Chikkamagaluru,Chikkamagaluru,6704,1924,4677,103,0,0,0,0,0,,
279,KA,Karnataka,KA_Chitradurga,Chitradurga,5486,1771,3682,33,0,0,0,0,0,,
280,KA,Karnataka,KA_Dakshina Kannada,Dakshina Kannada,18558,4499,13608,449,2,0,0,0,0,,
281,KA,Karnataka,KA_Davanagere,Davanagere,13840,2879,10733,228,0,0,0,0,0,,
282,KA,Karnataka,KA_Dharwad,Dharwad,14927,2542,11952,433,0,0,0,0,0,,
283,KA,Karnataka,KA_Gadag,Gadag,7800,1107,6582,111,0,0,0,0,0,,
284,KA,Karnataka,KA_Hassan,Hassan,12850,3571,9042,237,0,0,0,0,0,,
285,KA,Karnataka,KA_Haveri,Haveri,7062,1841,5089,132,0,0,0,0,0,,
286,KA,Karnataka,KA_Kalaburagi,Kalaburagi,14979,2613,12118,248,0,0,0,0,0,,
287,KA,Karnataka,KA_Kodagu,Kodagu,2086,433,1625,28,0,0,0,0,0,,
288,KA,Karnataka,KA_Kolar,Kolar,4709,782,3849,78,0,0,0,0,0,,
289,KA,Karnataka,KA_Koppal,Koppal,9478,1854,7431,193,0,0,0,0,0,,
290,KA,Karnataka,KA_Mandya,Mandya,8752,2133,6531,88,0,0,0,0,0,,
291,KA,Karnataka,KA_Mysuru,Mysuru,27486,5989,20864,633,0,0,0,0,0,,
0,KA,Karnataka,KA_Other State,Other State,36,0,33,3,0,0,0,0,0,,
292,KA,Karnataka,KA_Raichur,Raichur,9821,1562,8132,127,0,0,0,0,0,,
293,KA,Karnataka,KA_Ramanagara,Ramanagara,4471,657,3770,44,0,0,0,0,0,,
294,KA,Karnataka,KA_Shivamogga,Shivamogga,13097,3771,9120,206,0,0,0,0,0,,
295,KA,Karnataka,KA_Tumakuru,Tumakuru,10002,2703,7098,201,0,0,0,0,0,,
296,KA,Karnataka,KA_Udupi,Udupi,14278,2106,12043,129,0,0,0,0,0,,
297,KA,Karnataka,KA_Uttara Kannada,Uttara Kannada,7633,2261,5285,87,0,0,0,0,0,,
298,KA,Karnataka,KA_Vijayapura,Vijayapura,8172,773,7259,140,0,0,0,0,0,,
299,KA,Karnataka,KA_Yadgir,Yadgir,7312,1132,6131,49,0,0,0,0,0,,
0,KL,Kerala,KL_Other State,Other State,0,0,0,0,0,0,0,0,0,,
300,KL,Kerala,KL_Alappuzha,Alappuzha,8691,2351,6316,18,6,0,0,0,0,,
301,KL,Kerala,KL_Ernakulam,Ernakulam,9936,3065,6813,50,8,0,0,0,0,,
302,KL,Kerala,KL_Idukki,Idukki,2436,576,1856,3,1,0,0,0,0,,
303,KL,Kerala,KL_Kannur,Kannur,6758,2225,4494,37,2,0,0,0,0,,
304,KL,Kerala,KL_Kasaragod,Kasaragod,7540,1980,5519,38,3,0,0,0,0,,
305,KL,Kerala,KL_Kollam,Kollam,7596,2661,4900,32,3,0,0,0,0,,
306,KL,Kerala,KL_Kottayam,Kottayam,6695,2291,4401,3,0,0,0,0,0,,
307,KL,Kerala,KL_Kozhikode,Kozhikode,9738,2964,6722,47,5,0,0,0,0,,
308,KL,Kerala,KL_Malappuram,Malappuram,13863,3259,10557,41,6,0,0,0,0,,
309,KL,Kerala,KL_Palakkad,Palakkad,6839,1655,5164,18,2,0,0,0,0,,
310,KL,Kerala,KL_Pathanamthitta,Pathanamthitta,5184,1193,3986,3,2,0,0,0,0,,
311,KL,Kerala,KL_Thiruvananthapuram,Thiruvananthapuram,22953,5679,17093,157,24,0,0,0,0,,
312,KL,Kerala,KL_Thrissur,Thrissur,7385,2256,5096,29,4,0,0,0,0,,
313,KL,Kerala,KL_Wayanad,Wayanad,2250,558,1687,5,0,0,0,0,0,,
314,LA,Ladakh,LA_Kargil,Kargil,1541,450,1065,26,0,0,0,0,0,,
315,LA,Ladakh,LA_Leh,Leh,1994,503,1471,20,0,0,0,0,0,,
316,LD,Lakshadweep,LD_Lakshadweep,Lakshadweep,0,0,0,0,0,0,0,0,0,,
369,MH,Maharashtra,MH_Ahmednagar,Ahmednagar,31887,8006,23377,504,0,0,0,0,0,,
370,MH,Maharashtra,MH_Akola,Akola,5767,1897,3685,184,1,0,0,0,0,,
371,MH,Maharashtra,MH_Amravati,Amravati,9341,1780,7354,207,0,0,0,0,0,,
372,MH,Maharashtra,MH_Aurangabad,Aurangabad,30625,7554,22292,779,0,0,0,0,0,,
374,MH,Maharashtra,MH_Beed,Beed,7758,2662,4888,208,0,0,0,0,0,,
373,MH,Maharashtra,MH_Bhandara,Bhandara,3269,1732,1485,52,0,0,0,0,0,,
375,MH,Maharashtra,MH_Buldhana,Buldhana,5844,2158,3586,100,0,0,0,0,0,,
376,MH,Maharashtra,MH_Chandrapur,Chandrapur,6499,3651,2786,62,0,0,0,0,0,,
377,MH,Maharashtra,MH_Dhule,Dhule,11156,1730,9142,282,2,0,0,0,0,,
378,MH,Maharashtra,MH_Gadchiroli,Gadchiroli,1353,367,983,3,0,0,0,0,0,,
379,MH,Maharashtra,MH_Gondia,Gondia,3747,1442,2262,43,0,0,0,0,0,,
380,MH,Maharashtra,MH_Hingoli,Hingoli,2254,537,1669,48,0,0,0,0,0,,
381,MH,Maharashtra,MH_Jalgaon,Jalgaon,39609,9061,29483,1065,0,0,0,0,0,,
382,MH,Maharashtra,MH_Jalna,Jalna,6239,1810,4254,175,0,0,0,0,0,,
383,MH,Maharashtra,MH_Kolhapur,Kolhapur,34482,9661,23785,1036,0,0,0,0,0,,
384,MH,Maharashtra,MH_Latur,Latur,13394,4463,8546,385,0,0,0,0,0,,
385,MH,Maharashtra,MH_Mumbai,Mumbai,175974,31766,135563,8280,365,0,0,0,0,"[Sep 9]After reconciling COVID-19 cases in Mumbai, owing to the removal of duplicates and change of addresses as per the original residence, 239 cases have been removed from the progressive figures.",
386,MH,Maharashtra,MH_Mumbai Suburban,Mumbai Suburban,0,0,0,0,0,0,0,0,0,,
387,MH,Maharashtra,MH_Nagpur,Nagpur,55827,21533,32804,1485,5,0,0,0,0,District administration provides number of persons tested instead of the number of samples tested.,
388,MH,Maharashtra,MH_Nanded,Nanded,12176,5939,5917,320,0,0,0,0,0,Number of active cases differs in the state bulletin and district bulletin. We follow the state bulletin.,
389,MH,Maharashtra,MH_Nandurbar,Nandurbar,4211,1104,2999,108,0,0,0,0,0,,
390,MH,Maharashtra,MH_Nashik,Nashik,57957,11856,45007,1094,0,0,0,0,0,Number of active cases differs in the state bulletin and district bulletin. We follow the state bulletin.,
391,MH,Maharashtra,MH_Osmanabad,Osmanabad,9450,2705,6493,252,0,0,0,0,0,,
0,MH,Maharashtra,MH_Other State,Other State,1149,613,428,108,0,0,0,0,0,,
392,MH,Maharashtra,MH_Palghar,Palghar,32081,6096,25247,738,0,0,0,0,0,,
393,MH,Maharashtra,MH_Parbhani,Parbhani,4378,1426,2818,134,0,0,0,0,0,,
394,MH,Maharashtra,MH_Pune,Pune,244530,82172,157422,4936,0,0,0,0,0,Number of active cases differs in the state bulletin and district bulletin. We follow the state bulletin.,
395,MH,Maharashtra,MH_Raigad,Raigad,43568,10140,32456,970,2,0,0,0,0,Number of active cases differs in the state bulletin and district bulletin. We follow the state bulletin.,
396,MH,Maharashtra,MH_Ratnagiri,Ratnagiri,6742,2910,3637,195,0,0,0,0,0,,
397,MH,Maharashtra,MH_Sangli,Sangli,27645,10692,16113,840,0,0,0,0,0,,
398,MH,Maharashtra,MH_Satara,Satara,26842,9088,17107,645,2,0,0,0,0,,
399,MH,Maharashtra,MH_Sindhudurg,Sindhudurg,2627,1137,1443,47,0,0,0,0,0,,
400,MH,Maharashtra,MH_Solapur,Solapur,28958,7338,20619,1000,1,0,0,0,0,,
401,MH,Maharashtra,MH_Thane,Thane,162754,28846,129517,4390,1,0,0,0,0,,
402,MH,Maharashtra,MH_Wardha,Wardha,2423,756,1639,27,1,0,0,0,0,,
403,MH,Maharashtra,MH_Washim,Washim,2972,605,2308,58,1,0,0,0,0,,
404,MH,Maharashtra,MH_Yavatmal,Yavatmal,5733,1892,3718,123,0,0,0,0,0,,
421,ML,Meghalaya,ML_East Garo Hills,East Garo Hills,105,3,102,0,0,0,0,0,0,,
422,ML,Meghalaya,ML_East Jaintia Hills,East Jaintia Hills,280,237,43,0,0,0,0,0,0,,
423,ML,Meghalaya,ML_East Khasi Hills,East Khasi Hills,2639,1252,1363,24,0,0,0,0,0,,
424,ML,Meghalaya,ML_North Garo Hills,North Garo Hills,32,12,20,0,0,0,0,0,0,,
425,ML,Meghalaya,ML_Ribhoi,Ribhoi,368,160,205,3,0,0,0,0,0,,
426,ML,Meghalaya,ML_South Garo Hills,South Garo Hills,38,18,20,0,0,0,0,0,0,,
427,ML,Meghalaya,ML_South West Garo Hills,South West Garo Hills,24,10,14,0,0,0,0,0,0,,
428,ML,Meghalaya,ML_South West Khasi Hills,South West Khasi Hills,8,7,1,0,0,0,0,0,0,,
429,ML,Meghalaya,ML_West Garo Hills,West Garo Hills,593,177,415,1,0,0,0,0,0,,
430,ML,Meghalaya,ML_West Jaintia Hills,West Jaintia Hills,41,14,27,0,0,0,0,0,0,,
431,ML,Meghalaya,ML_West Khasi Hills,West Khasi Hills,67,12,54,1,0,0,0,0,0,,
0,MN,Manipur,MN_CAPF Personnel,CAPF Personnel,1320,2,1317,1,0,0,0,0,0,,
405,MN,Manipur,MN_Bishnupur,Bishnupur,317,257,58,2,0,0,0,0,0,,
406,MN,Manipur,MN_Chandel,Chandel,118,110,4,4,0,0,0,0,0,,
407,MN,Manipur,MN_Churachandpur,Churachandpur,486,425,58,3,0,0,0,0,0,,
408,MN,Manipur,MN_Imphal East,Imphal East,889,861,16,12,0,0,0,0,0,,
409,MN,Manipur,MN_Imphal West,Imphal West,2178,2117,52,9,0,0,0,0,0,,
410,MN,Manipur,MN_Jiribam,Jiribam,148,146,2,0,0,0,0,0,0,,
411,MN,Manipur,MN_Kakching,Kakching,228,201,27,0,0,0,0,0,0,,
412,MN,Manipur,MN_Kamjong,Kamjong,159,142,17,0,0,0,0,0,0,,
413,MN,Manipur,MN_Kangpokpi,Kangpokpi,349,328,19,2,0,0,0,0,0,,
414,MN,Manipur,MN_Noney,Noney,77,59,18,0,0,0,0,0,0,,
415,MN,Manipur,MN_Pherzawl,Pherzawl,33,18,15,0,0,0,0,0,0,,
416,MN,Manipur,MN_Senapati,Senapati,272,251,21,0,0,0,0,0,0,,
417,MN,Manipur,MN_Tamenglong,Tamenglong,270,238,32,0,0,0,0,0,0,,
418,MN,Manipur,MN_Tengnoupal,Tengnoupal,84,71,13,0,0,0,0,0,0,,
419,MN,Manipur,MN_Thoubal,Thoubal,866,830,23,13,0,0,0,0,0,,
420,MN,Manipur,MN_Ukhrul,Ukhrul,315,297,18,0,0,0,0,0,0,,
317,MP,Madhya Pradesh,MP_Agar Malwa,Agar Malwa,314,53,255,6,0,0,0,0,0,,
318,MP,Madhya Pradesh,MP_Alirajpur,Alirajpur,886,194,682,10,0,0,0,0,0,,
319,MP,Madhya Pradesh,MP_Anuppur,Anuppur,611,107,498,6,0,0,0,0,0,,
320,MP,Madhya Pradesh,MP_Ashoknagar,Ashoknagar,339,74,253,12,0,0,0,0,0,,
321,MP,Madhya Pradesh,MP_Balaghat,Balaghat,608,250,357,1,0,0,0,0,0,,
322,MP,Madhya Pradesh,MP_Barwani,Barwani,1506,226,1264,16,0,0,0,0,0,,
323,MP,Madhya Pradesh,MP_Betul,Betul,1277,457,791,29,0,0,0,0,0,,
324,MP,Madhya Pradesh,MP_Bhind,Bhind,739,81,653,5,0,0,0,0,0,,
325,MP,Madhya Pradesh,MP_Bhopal,Bhopal,13902,1751,11812,339,0,0,0,0,0,,
326,MP,Madhya Pradesh,MP_Burhanpur,Burhanpur,632,51,556,25,0,0,0,0,0,,
327,MP,Madhya Pradesh,MP_Chhatarpur,Chhatarpur,918,165,732,21,0,0,0,0,0,,
328,MP,Madhya Pradesh,MP_Chhindwara,Chhindwara,791,244,531,16,0,0,0,0,0,,
329,MP,Madhya Pradesh,MP_Damoh,Damoh,1160,418,722,20,0,0,0,0,0,,
330,MP,Madhya Pradesh,MP_Datia,Datia,1017,178,828,11,0,0,0,0,0,,
331,MP,Madhya Pradesh,MP_Dewas,Dewas,1029,169,841,19,0,0,0,0,0,,
332,MP,Madhya Pradesh,MP_Dhar,Dhar,1567,528,1018,21,0,0,0,0,0,,
333,MP,Madhya Pradesh,MP_Dindori,Dindori,308,107,201,0,0,0,0,0,0,,
335,MP,Madhya Pradesh,MP_Guna,Guna,520,150,358,12,0,0,0,0,0,,
336,MP,Madhya Pradesh,MP_Gwalior,Gwalior,8255,2114,6050,91,0,0,0,0,0,,
337,MP,Madhya Pradesh,MP_Harda,Harda,688,164,510,14,0,0,0,0,0,,
338,MP,Madhya Pradesh,MP_Hoshangabad,Hoshangabad,1008,376,608,24,0,0,0,0,0,,
339,MP,Madhya Pradesh,MP_Indore,Indore,17940,5399,12068,473,0,0,0,0,0,,
340,MP,Madhya Pradesh,MP_Jabalpur,Jabalpur,6767,1173,5478,116,0,0,0,0,0,,
341,MP,Madhya Pradesh,MP_Jhabua,Jhabua,1077,239,827,11,0,0,0,0,0,,
342,MP,Madhya Pradesh,MP_Katni,Katni,820,264,545,11,0,0,0,0,0,,
334,MP,Madhya Pradesh,MP_Khandwa,Khandwa,1235,203,1004,28,0,0,0,0,0,,
368,MP,Madhya Pradesh,MP_Khargone,Khargone,2607,616,1956,35,0,0,0,0,0,,
343,MP,Madhya Pradesh,MP_Mandla,Mandla,414,88,321,5,0,0,0,0,0,,
344,MP,Madhya Pradesh,MP_Mandsaur,Mandsaur,1226,210,1002,14,0,0,0,0,0,,
345,MP,Madhya Pradesh,MP_Morena,Morena,2324,131,2174,19,0,0,0,0,0,,
346,MP,Madhya Pradesh,MP_Narsinghpur,Narsinghpur,1429,476,945,8,0,0,0,0,0,,
347,MP,Madhya Pradesh,MP_Neemuch,Neemuch,1616,382,1207,27,0,0,0,0,0,,
348,MP,Madhya Pradesh,MP_Niwari,Niwari,268,45,222,1,0,0,0,0,0,,
0,MP,Madhya Pradesh,MP_Other Region,Other Region,0,0,0,0,0,0,0,0,0,,
349,MP,Madhya Pradesh,MP_Panna,Panna,429,118,310,1,0,0,0,0,0,,
350,MP,Madhya Pradesh,MP_Raisen,Raisen,1022,211,792,19,0,0,0,0,0,,
351,MP,Madhya Pradesh,MP_Rajgarh,Rajgarh,1072,177,878,17,0,0,0,0,0,,
352,MP,Madhya Pradesh,MP_Ratlam,Ratlam,1579,300,1248,31,0,0,0,0,0,,
353,MP,Madhya Pradesh,MP_Rewa,Rewa,1246,424,804,18,0,0,0,0,0,,
354,MP,Madhya Pradesh,MP_Sagar,Sagar,1741,509,1156,76,0,0,0,0,0,,
355,MP,Madhya Pradesh,MP_Satna,Satna,984,203,758,23,0,0,0,0,0,,
356,MP,Madhya Pradesh,MP_Sehore,Sehore,1181,445,712,24,0,0,0,0,0,,
357,MP,Madhya Pradesh,MP_Seoni,Seoni,490,151,333,6,0,0,0,0,0,,
358,MP,Madhya Pradesh,MP_Shahdol,Shahdol,1132,423,697,12,0,0,0,0,0,,
359,MP,Madhya Pradesh,MP_Shajapur,Shajapur,714,204,502,8,0,0,0,0,0,,
360,MP,Madhya Pradesh,MP_Sheopur,Sheopur,699,148,547,4,0,0,0,0,0,,
361,MP,Madhya Pradesh,MP_Shivpuri,Shivpuri,1755,476,1264,15,0,0,0,0,0,,
362,MP,Madhya Pradesh,MP_Sidhi,Sidhi,559,189,368,2,0,0,0,0,0,,
363,MP,Madhya Pradesh,MP_Singrauli,Singrauli,538,131,399,8,0,0,0,0,0,,
364,MP,Madhya Pradesh,MP_Tikamgarh,Tikamgarh,611,124,469,18,0,0,0,0,0,,
365,MP,Madhya Pradesh,MP_Ujjain,Ujjain,2369,453,1832,84,0,0,0,0,0,,
366,MP,Madhya Pradesh,MP_Umaria,Umaria,259,88,166,5,0,0,0,0,0,,
367,MP,Madhya Pradesh,MP_Vidisha,Vidisha,1337,279,1031,27,0,0,0,0,0,,
432,MZ,Mizoram,MZ_Aizawl,Aizawl,1005,486,519,0,0,22,22,0,0,,
433,MZ,Mizoram,MZ_Champhai,Champhai,17,2,15,0,0,0,0,0,0,,
729,MZ,Mizoram,MZ_Hnahthial,Hnahthial,5,5,0,0,0,1,1,0,0,,
730,MZ,Mizoram,MZ_Khawzawl,Khawzawl,4,1,3,0,0,0,0,0,0,,
434,MZ,Mizoram,MZ_Kolasib,Kolasib,209,22,187,0,0,0,-10,10,0,,
435,MZ,Mizoram,MZ_Lawngtlai,Lawngtlai,34,5,29,0,0,0,0,0,0,,
436,MZ,Mizoram,MZ_Lunglei,Lunglei,130,12,118,0,0,1,1,0,0,,
437,MZ,Mizoram,MZ_Mamit,Mamit,34,11,23,0,0,0,0,0,0,,
438,MZ,Mizoram,MZ_Saiha,Saiha,31,4,27,0,0,0,0,0,0,,
728,MZ,Mizoram,MZ_Saitual,Saitual,11,7,4,0,0,0,0,0,0,,
439,MZ,Mizoram,MZ_Serchhip,Serchhip,26,12,14,0,0,2,2,0,0,,
0,NL,Nagaland,NL_Others,Others,46,0,46,0,0,0,0,0,0,,
440,NL,Nagaland,NL_Dimapur,Dimapur,2603,799,1781,9,14,0,0,0,0,,
441,NL,Nagaland,NL_Kiphire,Kiphire,16,2,14,0,0,0,0,0,0,,
442,NL,Nagaland,NL_Kohima,Kohima,1609,411,1194,0,4,0,0,0,0,,
443,NL,Nagaland,NL_Longleng,Longleng,7,0,6,0,1,0,0,0,0,,
444,NL,Nagaland,NL_Mokokchung,Mokokchung,40,13,27,0,0,0,0,0,0,,
445,NL,Nagaland,NL_Mon,Mon,330,24,300,1,5,0,0,0,0,,
446,NL,Nagaland,NL_Peren,Peren,350,3,347,0,0,0,0,0,0,,
447,NL,Nagaland,NL_Phek,Phek,34,0,34,0,0,0,0,0,0,,
448,NL,Nagaland,NL_Tuensang,Tuensang,74,4,70,0,0,0,0,0,0,,
449,NL,Nagaland,NL_Wokha,Wokha,35,1,34,0,0,0,0,0,0,,
450,NL,Nagaland,NL_Zunheboto,Zunheboto,119,4,115,0,0,0,0,0,0,,
0,OR,Odisha,OR_State Pool,State Pool,1861,1861,0,0,0,0,0,0,0,,
0,OR,Odisha,OR_Others,Others,0,0,0,0,0,0,0,0,0,,
451,OR,Odisha,OR_Angul,Angul,2196,784,1408,4,0,0,0,0,0,,
452,OR,Odisha,OR_Balangir,Balangir,3202,958,2232,12,0,0,0,0,0,,
453,OR,Odisha,OR_Balasore,Balasore,5610,1146,4444,20,0,0,0,0,0,,
454,OR,Odisha,OR_Bargarh,Bargarh,4758,1180,3569,9,0,0,0,0,0,,
456,OR,Odisha,OR_Bhadrak,Bhadrak,4138,750,3374,14,0,0,0,0,0,,
455,OR,Odisha,OR_Boudh,Boudh,1164,290,873,1,0,0,0,0,0,,
457,OR,Odisha,OR_Cuttack,Cuttack,14113,3186,10869,58,0,0,0,0,0,,
458,OR,Odisha,OR_Deogarh,Deogarh,440,110,330,0,0,0,0,0,0,,
459,OR,Odisha,OR_Dhenkanal,Dhenkanal,2750,378,2370,2,0,0,0,0,0,,
460,OR,Odisha,OR_Gajapati,Gajapati,3233,169,3045,19,0,0,0,0,0,,
461,OR,Odisha,OR_Ganjam,Ganjam,19369,260,18886,223,0,0,0,0,0,,
462,OR,Odisha,OR_Jagatsinghpur,Jagatsinghpur,3376,1009,2361,6,0,0,0,0,0,,
463,OR,Odisha,OR_Jajpur,Jajpur,6168,1195,4965,8,0,0,0,0,0,,
464,OR,Odisha,OR_Jharsuguda,Jharsuguda,2815,755,2059,1,0,0,0,0,0,,
465,OR,Odisha,OR_Kalahandi,Kalahandi,2193,570,1617,6,0,0,0,0,0,,
466,OR,Odisha,OR_Kandhamal,Kandhamal,3090,437,2636,17,0,0,0,0,0,,
467,OR,Odisha,OR_Kendrapara,Kendrapara,3408,1091,2313,4,0,0,0,0,0,,
468,OR,Odisha,OR_Kendujhar,Kendujhar,3071,479,2582,10,0,0,0,0,0,,
469,OR,Odisha,OR_Khordha,Khordha,28147,6376,21665,106,0,0,0,0,0,,
470,OR,Odisha,OR_Koraput,Koraput,5036,698,4331,7,0,0,0,0,0,,
471,OR,Odisha,OR_Malkangiri,Malkangiri,2907,303,2593,11,0,0,0,0,0,,
472,OR,Odisha,OR_Mayurbhanj,Mayurbhanj,6019,1009,4995,15,0,0,0,0,0,,
473,OR,Odisha,OR_Nabarangapur,Nabarangapur,2402,883,1515,4,0,0,0,0,0,,
474,OR,Odisha,OR_Nayagarh,Nayagarh,3925,457,3449,19,0,0,0,0,0,,
475,OR,Odisha,OR_Nuapada,Nuapada,1820,728,1092,0,0,0,0,0,0,,
476,OR,Odisha,OR_Puri,Puri,7130,2035,5064,31,0,0,0,0,0,,
477,OR,Odisha,OR_Rayagada,Rayagada,6381,660,5687,34,0,0,0,0,0,,
478,OR,Odisha,OR_Sambalpur,Sambalpur,4358,957,3381,20,0,0,0,0,0,,
479,OR,Odisha,OR_Subarnapur,Subarnapur,1990,790,1195,5,0,0,0,0,0,,
480,OR,Odisha,OR_Sundargarh,Sundargarh,5850,848,4959,43,0,0,0,0,0,,
485,PB,Punjab,PB_Amritsar,Amritsar,7236,1708,5250,278,0,0,0,0,0,,
486,PB,Punjab,PB_Barnala,Barnala,1521,389,1099,33,0,0,0,0,0,,
487,PB,Punjab,PB_Bathinda,Bathinda,4320,1508,2731,81,0,0,0,0,0,,
488,PB,Punjab,PB_Faridkot,Faridkot,2174,799,1342,33,0,0,0,0,0,,
489,PB,Punjab,PB_Fatehgarh Sahib,Fatehgarh Sahib,1538,281,1196,61,0,0,0,0,0,,
490,PB,Punjab,PB_Fazilka,Fazilka,1572,433,1114,25,0,0,0,0,0,,
491,PB,Punjab,PB_Ferozepur,Ferozepur,2501,95,2326,80,0,0,0,0,0,,
492,PB,Punjab,PB_Gurdaspur,Gurdaspur,4504,1405,2999,100,0,0,0,0,0,,
493,PB,Punjab,PB_Hoshiarpur,Hoshiarpur,3304,1249,1952,103,0,0,0,0,0,,
494,PB,Punjab,PB_Jalandhar,Jalandhar,10358,2315,7762,281,0,0,0,0,0,,
495,PB,Punjab,PB_Kapurthala,Kapurthala,2263,662,1493,108,0,0,0,0,0,,
496,PB,Punjab,PB_Ludhiana,Ludhiana,14738,1465,12651,622,0,0,0,0,0,,
497,PB,Punjab,PB_Mansa,Mansa,1154,304,832,18,0,0,0,0,0,,
498,PB,Punjab,PB_Moga,Moga,1953,575,1325,53,0,0,0,0,0,,
499,PB,Punjab,PB_Pathankot,Pathankot,2507,864,1603,40,0,0,0,0,0,,
500,PB,Punjab,PB_Patiala,Patiala,9459,2007,7188,264,0,0,0,0,0,,
501,PB,Punjab,PB_Rupnagar,Rupnagar,1486,444,995,47,0,0,0,0,0,,
502,PB,Punjab,PB_S.A.S. Nagar,S.A.S. Nagar,7443,2785,4519,139,0,0,0,0,0,,
503,PB,Punjab,PB_Sangrur,Sangrur,2948,492,2335,121,0,0,0,0,0,,
504,PB,Punjab,PB_Shahid Bhagat Singh Nagar,Shahid Bhagat Singh Nagar,1106,262,812,32,0,0,0,0,0,,
505,PB,Punjab,PB_Sri Muktsar Sahib,Sri Muktsar Sahib,1848,645,1176,27,0,0,0,0,0,,
506,PB,Punjab,PB_Tarn Taran,Tarn Taran,1251,335,870,46,0,0,0,0,0,,
481,PY,Puducherry,PY_Karaikal,Karaikal,1490,440,1027,23,0,0,0,0,0,"2 case of TN has been transferred,so has been reduced from the total count.",
482,PY,Puducherry,PY_Mahe,Mahe,126,43,83,0,0,0,0,0,0,"1 case of KL have been transferred,so have been reduced from the total count",
483,PY,Puducherry,PY_Puducherry,Puducherry,18125,3966,13800,359,0,0,0,0,0,"209 cases(204 of TN, 1 of AP and 4 other) have been transferred,so have been reduced from the total count.[July 18]4 cases have transferred to TN and have been reduced from recovered cases.",
484,PY,Puducherry,PY_Yanam,Yanam,1370,321,1013,36,0,0,0,0,0,"2 cases of AP have been transferred,so have been reduced from the total count",
507,RJ,Rajasthan,RJ_Ajmer,Ajmer,5573,284,5199,90,0,0,0,0,0,,
508,RJ,Rajasthan,RJ_Alwar,Alwar,9339,488,8820,31,0,0,0,0,0,,
509,RJ,Rajasthan,RJ_Banswara,Banswara,964,177,780,7,0,0,0,0,0,,
510,RJ,Rajasthan,RJ_Baran,Baran,1078,246,819,13,0,0,0,0,0,,
511,RJ,Rajasthan,RJ_Barmer,Barmer,2539,107,2405,27,0,0,0,0,0,,
512,RJ,Rajasthan,RJ_Bharatpur,Bharatpur,3991,149,3769,73,0,0,0,0,0,,
513,RJ,Rajasthan,RJ_Bhilwara,Bhilwara,2753,286,2450,17,0,0,0,0,0,,
514,RJ,Rajasthan,RJ_Bikaner,Bikaner,5413,324,4990,99,0,0,0,0,0,,
0,RJ,Rajasthan,RJ_BSF Camp,BSF Camp,85,0,85,0,0,0,0,0,0,,
515,RJ,Rajasthan,RJ_Bundi,Bundi,1037,322,710,5,0,0,0,0,0,,
516,RJ,Rajasthan,RJ_Chittorgarh,Chittorgarh,1339,168,1159,12,0,0,0,0,0,,
517,RJ,Rajasthan,RJ_Churu,Churu,1323,176,1137,10,0,0,0,0,0,,
518,RJ,Rajasthan,RJ_Dausa,Dausa,730,110,611,9,0,0,0,0,0,,
519,RJ,Rajasthan,RJ_Dholpur,Dholpur,2584,178,2382,24,0,0,0,0,0,,
520,RJ,Rajasthan,RJ_Dungarpur,Dungarpur,1367,204,1150,13,0,0,0,0,0,,
0,RJ,Rajasthan,RJ_Evacuees,Evacuees,61,0,61,0,0,0,0,0,0,,
521,RJ,Rajasthan,RJ_Ganganagar,Ganganagar,1010,203,798,9,0,0,0,0,0,,
522,RJ,Rajasthan,RJ_Hanumangarh,Hanumangarh,647,107,538,2,0,0,0,0,0,,
0,RJ,Rajasthan,RJ_Italians,Italians,2,0,2,0,0,0,0,0,0,,
523,RJ,Rajasthan,RJ_Jaipur,Jaipur,16039,5836,9899,304,0,0,0,0,0,,
524,RJ,Rajasthan,RJ_Jaisalmer,Jaisalmer,604,148,450,6,0,0,0,0,0,,
525,RJ,Rajasthan,RJ_Jalore,Jalore,1568,193,1362,13,0,0,0,0,0,,
526,RJ,Rajasthan,RJ_Jhalawar,Jhalawar,2147,283,1855,9,0,0,0,0,0,,
527,RJ,Rajasthan,RJ_Jhunjhunu,Jhunjhunu,1315,173,1135,7,0,0,0,0,0,,
528,RJ,Rajasthan,RJ_Jodhpur,Jodhpur,15869,2343,13399,127,0,0,0,0,0,,
529,RJ,Rajasthan,RJ_Karauli,Karauli,714,108,598,8,0,0,0,0,0,,
530,RJ,Rajasthan,RJ_Kota,Kota,7931,2631,5210,90,0,0,0,0,0,,
531,RJ,Rajasthan,RJ_Nagaur,Nagaur,2975,232,2699,44,0,0,0,0,0,,
0,RJ,Rajasthan,RJ_Other State,Other State,189,26,124,39,0,0,0,0,0,,
532,RJ,Rajasthan,RJ_Pali,Pali,4711,218,4442,51,0,0,0,0,0,,
533,RJ,Rajasthan,RJ_Pratapgarh,Pratapgarh,669,169,492,8,0,0,0,0,0,,
534,RJ,Rajasthan,RJ_Rajsamand,Rajsamand,1511,214,1279,18,0,0,0,0,0,,
535,RJ,Rajasthan,RJ_Sawai Madhopur,Sawai Madhopur,725,113,593,19,0,0,0,0,0,,
536,RJ,Rajasthan,RJ_Sikar,Sikar,3340,265,3050,25,0,0,0,0,0,,
537,RJ,Rajasthan,RJ_Sirohi,Sirohi,1585,96,1470,19,0,0,0,0,0,,
538,RJ,Rajasthan,RJ_Tonk,Tonk,881,137,731,13,0,0,0,0,0,,
539,RJ,Rajasthan,RJ_Udaipur,Udaipur,3072,335,2699,38,0,0,0,0,0,,
540,SK,Sikkim,SK_East Sikkim,East Sikkim,1446,337,1106,3,0,0,0,0,0,,
541,SK,Sikkim,SK_North Sikkim,North Sikkim,1,0,1,0,0,0,0,0,0,,
542,SK,Sikkim,SK_South Sikkim,South Sikkim,475,402,73,0,0,0,0,0,0,,
543,SK,Sikkim,SK_West Sikkim,West Sikkim,87,72,15,0,0,0,0,0,0,,
0,TG,Telangana,TG_Foreign Evacuees,Foreign Evacuees,33,33,0,0,0,0,0,0,0,District-wise numbers are out-dated as cumulative counts for each district are not reported in Telangana bulletin,
0,TG,Telangana,TG_Other State,Other State,250,250,0,0,0,0,0,0,0,District-wise numbers are out-dated as cumulative counts for each district are not reported in Telangana bulletin,
576,TG,Telangana,TG_Adilabad,Adilabad,1362,1347,15,0,0,20,20,0,0,District-wise numbers are out-dated as cumulative counts for each district are not reported in Telangana bulletin,
577,TG,Telangana,TG_Bhadradri Kothagudem,Bhadradri Kothagudem,2996,2992,4,0,0,60,60,0,0,District-wise numbers are out-dated as cumulative counts for each district are not reported in Telangana bulletin,
578,TG,Telangana,TG_Hyderabad,Hyderabad,56979,56651,305,23,0,318,318,0,0,District-wise numbers are out-dated as cumulative counts for each district are not reported in Telangana bulletin,
579,TG,Telangana,TG_Jagtial,Jagtial,3090,3088,2,0,0,45,45,0,0,District-wise numbers are out-dated as cumulative counts for each district are not reported in Telangana bulletin,
580,TG,Telangana,TG_Jangaon,Jangaon,1891,1890,1,0,0,35,35,0,0,District-wise numbers are out-dated as cumulative counts for each district are not reported in Telangana bulletin,
581,TG,Telangana,TG_Jayashankar Bhupalapally,Jayashankar Bhupalapally,1052,1052,0,0,0,22,22,0,0,District-wise numbers are out-dated as cumulative counts for each district are not reported in Telangana bulletin,
582,TG,Telangana,TG_Jogulamba Gadwal,Jogulamba Gadwal,2218,2192,25,1,0,18,18,0,0,District-wise numbers are out-dated as cumulative counts for each district are not reported in Telangana bulletin,
583,TG,Telangana,TG_Kamareddy,Kamareddy,3114,3106,8,0,0,49,49,0,0,District-wise numbers are out-dated as cumulative counts for each district are not reported in Telangana bulletin,
584,TG,Telangana,TG_Karimnagar,Karimnagar,6977,6961,16,0,0,127,127,0,0,District-wise numbers are out-dated as cumulative counts for each district are not reported in Telangana bulletin,
585,TG,Telangana,TG_Khammam,Khammam,4833,4830,3,0,0,77,77,0,0,District-wise numbers are out-dated as cumulative counts for each district are not reported in Telangana bulletin,
586,TG,Telangana,TG_Komaram Bheem,Komaram Bheem,692,690,2,0,0,13,13,0,0,District-wise numbers are out-dated as cumulative counts for each district are not reported in Telangana bulletin,
587,TG,Telangana,TG_Mahabubabad,Mahabubabad,2720,2719,1,0,0,84,84,0,0,District-wise numbers are out-dated as cumulative counts for each district are not reported in Telangana bulletin,
588,TG,Telangana,TG_Mahabubnagar,Mahabubnagar,2741,2733,8,0,0,24,24,0,0,District-wise numbers are out-dated as cumulative counts for each district are not reported in Telangana bulletin,
589,TG,Telangana,TG_Mancherial,Mancherial,2795,2794,0,1,0,33,33,0,0,District-wise numbers are out-dated as cumulative counts for each district are not reported in Telangana bulletin,
590,TG,Telangana,TG_Medak,Medak,1877,1873,4,0,0,34,34,0,0,District-wise numbers are out-dated as cumulative counts for each district are not reported in Telangana bulletin,
591,TG,Telangana,TG_Medchal Malkajgiri,Medchal Malkajgiri,9423,9413,9,1,0,121,121,0,0,District-wise numbers are out-dated as cumulative counts for each district are not reported in Telangana bulletin,
592,TG,Telangana,TG_Mulugu,Mulugu,1080,1078,2,0,0,18,18,0,0,District-wise numbers are out-dated as cumulative counts for each district are not reported in Telangana bulletin,
593,TG,Telangana,TG_Nagarkurnool,Nagarkurnool,2069,2067,2,0,0,27,27,0,0,District-wise numbers are out-dated as cumulative counts for each district are not reported in Telangana bulletin,
594,TG,Telangana,TG_Nalgonda,Nalgonda,5678,5666,12,0,0,141,141,0,0,District-wise numbers are out-dated as cumulative counts for each district are not reported in Telangana bulletin,
595,TG,Telangana,TG_Narayanpet,Narayanpet,605,604,0,1,0,14,14,0,0,District-wise numbers are out-dated as cumulative counts for each district are not reported in Telangana bulletin,
596,TG,Telangana,TG_Nirmal,Nirmal,1209,1196,13,0,0,29,29,0,0,District-wise numbers are out-dated as cumulative counts for each district are not reported in Telangana bulletin,
597,TG,Telangana,TG_Nizamabad,Nizamabad,4923,4893,30,0,0,84,84,0,0,District-wise numbers are out-dated as cumulative counts for each district are not reported in Telangana bulletin,
598,TG,Telangana,TG_Peddapalli,Peddapalli,3208,3207,1,0,0,47,47,0,0,District-wise numbers are out-dated as cumulative counts for each district are not reported in Telangana bulletin,
599,TG,Telangana,TG_Rajanna Sircilla,Rajanna Sircilla,2442,2440,2,0,0,53,53,0,0,District-wise numbers are out-dated as cumulative counts for each district are not reported in Telangana bulletin,
600,TG,Telangana,TG_Ranga Reddy,Ranga Reddy,13610,13591,17,2,0,176,176,0,0,District-wise numbers are out-dated as cumulative counts for each district are not reported in Telangana bulletin,
601,TG,Telangana,TG_Sangareddy,Sangareddy,4414,4408,6,0,0,64,64,0,0,District-wise numbers are out-dated as cumulative counts for each district are not reported in Telangana bulletin,
602,TG,Telangana,TG_Siddipet,Siddipet,3710,3709,1,0,0,132,132,0,0,District-wise numbers are out-dated as cumulative counts for each district are not reported in Telangana bulletin,
603,TG,Telangana,TG_Suryapet,Suryapet,3541,3517,24,0,0,66,66,0,0,District-wise numbers are out-dated as cumulative counts for each district are not reported in Telangana bulletin,
604,TG,Telangana,TG_Vikarabad,Vikarabad,1014,998,15,1,0,22,22,0,0,District-wise numbers are out-dated as cumulative counts for each district are not reported in Telangana bulletin,
605,TG,Telangana,TG_Wanaparthy,Wanaparthy,1798,1798,0,0,0,23,23,0,0,District-wise numbers are out-dated as cumulative counts for each district are not reported in Telangana bulletin,
606,TG,Telangana,TG_Warangal Rural,Warangal Rural,1826,1826,0,0,0,39,39,0,0,District-wise numbers are out-dated as cumulative counts for each district are not reported in Telangana bulletin,
607,TG,Telangana,TG_Warangal Urban,Warangal Urban,6577,6554,23,0,0,98,98,0,0,District-wise numbers are out-dated as cumulative counts for each district are not reported in Telangana bulletin,
608,TG,Telangana,TG_Yadadri Bhuvanagiri,Yadadri Bhuvanagiri,1799,1799,0,0,0,46,46,0,0,District-wise numbers are out-dated as cumulative counts for each district are not reported in Telangana bulletin,
0,TN,Tamil Nadu,TN_Railway Quarantine,Railway Quarantine,428,2,426,0,0,0,0,0,0,,
0,TN,Tamil Nadu,TN_Airport Quarantine,Airport Quarantine,1828,42,1785,1,0,0,0,0,0,,
0,TN,Tamil Nadu,TN_Other State,Other State,0,-3,0,3,0,0,0,0,0,,
544,TN,Tamil Nadu,TN_Ariyalur,Ariyalur,3343,189,3117,37,0,0,0,0,0,,
732,TN,Tamil Nadu,TN_Chengalpattu,Chengalpattu,31388,2215,28677,496,0,0,0,0,0,,
545,TN,Tamil Nadu,TN_Chennai,Chennai,151560,9836,138714,3010,0,0,0,0,0,[July 22]: 444 backdated deceased entries added to Chennai in TN bulletin.,
546,TN,Tamil Nadu,TN_Coimbatore,Coimbatore,23702,3437,19900,365,0,0,0,0,0,,
547,TN,Tamil Nadu,TN_Cuddalore,Cuddalore,17097,2415,14493,189,0,0,0,0,0,,
548,TN,Tamil Nadu,TN_Dharmapuri,Dharmapuri,2322,877,1424,21,0,0,0,0,0,,
549,TN,Tamil Nadu,TN_Dindigul,Dindigul,8065,672,7242,151,0,0,0,0,0,,
550,TN,Tamil Nadu,TN_Erode,Erode,4903,1022,3817,64,0,0,0,0,0,,
734,TN,Tamil Nadu,TN_Kallakurichi,Kallakurichi,8308,1132,7086,90,0,0,0,0,0,,
551,TN,Tamil Nadu,TN_Kancheepuram,Kancheepuram,19959,1332,18339,288,0,0,0,0,0,,
552,TN,Tamil Nadu,TN_Kanyakumari,Kanyakumari,11311,844,10257,210,0,0,0,0,0,,
553,TN,Tamil Nadu,TN_Karur,Karur,2327,428,1866,33,0,0,0,0,0,,
554,TN,Tamil Nadu,TN_Krishnagiri,Krishnagiri,3395,847,2503,45,0,0,0,0,0,,
555,TN,Tamil Nadu,TN_Madurai,Madurai,15578,799,14405,374,0,0,0,0,0,,
556,TN,Tamil Nadu,TN_Nagapattinam,Nagapattinam,4390,1077,3242,71,0,0,0,0,0,,
557,TN,Tamil Nadu,TN_Namakkal,Namakkal,3673,922,2698,53,0,0,0,0,0,,
564,TN,Tamil Nadu,TN_Nilgiris,Nilgiris,2596,623,1956,17,0,0,0,0,0,,
558,TN,Tamil Nadu,TN_Perambalur,Perambalur,1597,109,1469,19,0,0,0,0,0,,
559,TN,Tamil Nadu,TN_Pudukkottai,Pudukkottai,7721,828,6771,122,0,0,0,0,0,,
560,TN,Tamil Nadu,TN_Ramanathapuram,Ramanathapuram,5269,276,4879,114,0,0,0,0,0,,
733,TN,Tamil Nadu,TN_Ranipet,Ranipet,12364,596,11623,145,0,0,0,0,0,,
561,TN,Tamil Nadu,TN_Salem,Salem,15341,2220,12876,245,0,0,0,0,0,,
562,TN,Tamil Nadu,TN_Sivaganga,Sivaganga,4625,243,4268,114,0,0,0,0,0,,
731,TN,Tamil Nadu,TN_Tenkasi,Tenkasi,6467,545,5800,122,0,0,0,0,0,,
563,TN,Tamil Nadu,TN_Thanjavur,Thanjavur,8751,964,7652,135,0,0,0,0,0,,
565,TN,Tamil Nadu,TN_Theni,Theni,13965,705,13098,162,0,0,0,0,0,,
566,TN,Tamil Nadu,TN_Thiruvallur,Thiruvallur,29198,2055,26645,498,0,0,0,0,0,,
567,TN,Tamil Nadu,TN_Thiruvarur,Thiruvarur,5678,746,4867,65,0,0,0,0,0,,
568,TN,Tamil Nadu,TN_Thoothukkudi,Thoothukkudi,12543,764,11660,119,0,0,0,0,0,,
569,TN,Tamil Nadu,TN_Tiruchirappalli,Tiruchirappalli,9114,867,8113,134,0,0,0,0,0,,
570,TN,Tamil Nadu,TN_Tirunelveli,Tirunelveli,11429,1054,10183,192,0,0,0,0,0,,
735,TN,Tamil Nadu,TN_Tirupathur,Tirupathur,3951,615,3258,78,0,0,0,0,0,,
571,TN,Tamil Nadu,TN_Tiruppur,Tiruppur,5349,1637,3625,87,0,0,0,0,0,,
572,TN,Tamil Nadu,TN_Tiruvannamalai,Tiruvannamalai,13642,1381,12059,202,0,0,0,0,0,,
573,TN,Tamil Nadu,TN_Vellore,Vellore,13019,1080,11742,197,0,0,0,0,0,,
574,TN,Tamil Nadu,TN_Viluppuram,Viluppuram,9847,872,8889,86,0,0,0,0,0,,
575,TN,Tamil Nadu,TN_Virudhunagar,Virudhunagar,13817,368,13244,205,0,0,0,0,0,,
609,TR,Tripura,TR_Dhalai,Dhalai,2116,845,1262,8,1,39,-18,57,0,,
610,TR,Tripura,TR_Gomati,Gomati,2367,715,1627,24,1,78,41,37,0,,
611,TR,Tripura,TR_Khowai,Khowai,1446,403,1023,20,0,32,0,32,0,,
612,TR,Tripura,TR_North Tripura,North Tripura,1749,620,1112,11,6,25,4,20,1,,
613,TR,Tripura,TR_Sipahijala,Sipahijala,2337,492,1827,18,0,26,-12,38,0,,
614,TR,Tripura,TR_South Tripura,South Tripura,1699,785,902,9,3,73,15,58,0,,
615,TR,Tripura,TR_Unokoti,Unokoti,1317,562,745,10,0,47,-3,50,0,,
616,TR,Tripura,TR_West Tripura,West Tripura,7665,3074,4458,122,11,207,-26,229,4,,
617,UP,Uttar Pradesh,UP_Agra,Agra,4332,818,3399,115,0,0,0,0,0,,
618,UP,Uttar Pradesh,UP_Aligarh,Aligarh,6856,1776,5049,31,0,0,0,0,0,,
619,UP,Uttar Pradesh,UP_Ambedkar Nagar,Ambedkar Nagar,1225,275,926,24,0,0,0,0,0,,
620,UP,Uttar Pradesh,UP_Amethi,Amethi,2055,512,1528,15,0,0,0,0,0,,
621,UP,Uttar Pradesh,UP_Amroha,Amroha,2234,451,1759,24,0,0,0,0,0,,
622,UP,Uttar Pradesh,UP_Auraiya,Auraiya,1818,331,1467,20,0,0,0,0,0,,
765,UP,Uttar Pradesh,UP_Ayodhya,Ayodhya,4888,961,3870,57,0,0,0,0,0,,
623,UP,Uttar Pradesh,UP_Azamgarh,Azamgarh,3985,550,3373,62,0,0,0,0,0,,
624,UP,Uttar Pradesh,UP_Baghpat,Baghpat,1158,207,930,21,0,0,0,0,0,,
625,UP,Uttar Pradesh,UP_Bahraich,Bahraich,2694,405,2245,44,0,0,0,0,0,,
626,UP,Uttar Pradesh,UP_Ballia,Ballia,5116,810,4244,62,0,0,0,0,0,,
627,UP,Uttar Pradesh,UP_Balrampur,Balrampur,1264,180,1063,21,0,0,0,0,0,,
628,UP,Uttar Pradesh,UP_Banda,Banda,1530,362,1152,16,0,0,0,0,0,,
629,UP,Uttar Pradesh,UP_Barabanki,Barabanki,5291,1055,4193,43,0,0,0,0,0,,
630,UP,Uttar Pradesh,UP_Bareilly,Bareilly,8831,1832,6871,128,0,0,0,0,0,,
631,UP,Uttar Pradesh,UP_Basti,Basti,3085,452,2573,60,0,0,0,0,0,,
632,UP,Uttar Pradesh,UP_Bhadohi,Bhadohi,1418,267,1140,11,0,0,0,0,0,,
633,UP,Uttar Pradesh,UP_Bijnor,Bijnor,2520,481,2011,28,0,0,0,0,0,,
634,UP,Uttar Pradesh,UP_Budaun,Budaun,2276,470,1784,22,0,0,0,0,0,,
635,UP,Uttar Pradesh,UP_Bulandshahr,Bulandshahr,3127,653,2424,50,0,0,0,0,0,,
636,UP,Uttar Pradesh,UP_Chandauli,Chandauli,2725,563,2138,24,0,0,0,0,0,,
637,UP,Uttar Pradesh,UP_Chitrakoot,Chitrakoot,1017,213,799,5,0,0,0,0,0,,
638,UP,Uttar Pradesh,UP_Deoria,Deoria,5216,879,4279,58,0,0,0,0,0,,
639,UP,Uttar Pradesh,UP_Etah,Etah,1473,436,1025,12,0,0,0,0,0,,
640,UP,Uttar Pradesh,UP_Etawah,Etawah,3299,817,2436,46,0,0,0,0,0,,
642,UP,Uttar Pradesh,UP_Farrukhabad,Farrukhabad,1910,439,1439,32,0,0,0,0,0,,
643,UP,Uttar Pradesh,UP_Fatehpur,Fatehpur,1866,372,1467,27,0,0,0,0,0,,
644,UP,Uttar Pradesh,UP_Firozabad,Firozabad,2237,368,1817,52,0,0,0,0,0,,
645,UP,Uttar Pradesh,UP_Gautam Buddha Nagar,Gautam Buddha Nagar,10705,1966,8691,48,0,0,0,0,0,,
646,UP,Uttar Pradesh,UP_Ghaziabad,Ghaziabad,11532,1931,9527,74,0,0,0,0,0,,
647,UP,Uttar Pradesh,UP_Ghazipur,Ghazipur,3445,335,3074,36,0,0,0,0,0,,
648,UP,Uttar Pradesh,UP_Gonda,Gonda,3269,412,2822,35,0,0,0,0,0,,
649,UP,Uttar Pradesh,UP_Gorakhpur,Gorakhpur,13321,2560,10560,201,0,0,0,0,0,,
650,UP,Uttar Pradesh,UP_Hamirpur,Hamirpur,878,163,700,15,0,0,0,0,0,,
651,UP,Uttar Pradesh,UP_Hapur,Hapur,2234,366,1832,36,0,0,0,0,0,,
652,UP,Uttar Pradesh,UP_Hardoi,Hardoi,3725,786,2886,53,0,0,0,0,0,,
653,UP,Uttar Pradesh,UP_Hathras,Hathras,833,109,717,7,0,0,0,0,0,,
654,UP,Uttar Pradesh,UP_Jalaun,Jalaun,1866,366,1480,20,0,0,0,0,0,,
655,UP,Uttar Pradesh,UP_Jaunpur,Jaunpur,4477,553,3867,57,0,0,0,0,0,,
656,UP,Uttar Pradesh,UP_Jhansi,Jhansi,6045,1118,4807,120,0,0,0,0,0,,
657,UP,Uttar Pradesh,UP_Kannauj,Kannauj,2101,281,1799,21,0,0,0,0,0,,
658,UP,Uttar Pradesh,UP_Kanpur Dehat,Kanpur Dehat,1530,362,1149,19,0,0,0,0,0,,
659,UP,Uttar Pradesh,UP_Kanpur Nagar,Kanpur Nagar,21141,4652,15939,550,0,0,0,0,0,,
660,UP,Uttar Pradesh,UP_Kasganj,Kasganj,1223,268,953,2,0,0,0,0,0,,
661,UP,Uttar Pradesh,UP_Kaushambi,Kaushambi,1305,233,1057,15,0,0,0,0,0,,
663,UP,Uttar Pradesh,UP_Kushinagar,Kushinagar,4277,626,3625,26,0,0,0,0,0,,
662,UP,Uttar Pradesh,UP_Lakhimpur Kheri,Lakhimpur Kheri,3581,865,2673,43,0,0,0,0,0,,
664,UP,Uttar Pradesh,UP_Lalitpur,Lalitpur,2082,589,1462,31,0,0,0,0,0,,
665,UP,Uttar Pradesh,UP_Lucknow,Lucknow,41958,9577,31827,554,0,0,0,0,0,,
667,UP,Uttar Pradesh,UP_Maharajganj,Maharajganj,4101,674,3372,55,0,0,0,0,0,,
666,UP,Uttar Pradesh,UP_Mahoba,Mahoba,697,131,560,6,0,0,0,0,0,,
668,UP,Uttar Pradesh,UP_Mainpuri,Mainpuri,2337,584,1714,39,0,0,0,0,0,,
669,UP,Uttar Pradesh,UP_Mathura,Mathura,3302,851,2389,62,0,0,0,0,0,,
670,UP,Uttar Pradesh,UP_Mau,Mau,2069,292,1756,21,0,0,0,0,0,,
671,UP,Uttar Pradesh,UP_Meerut,Meerut,7032,2105,4738,189,0,0,0,0,0,,
672,UP,Uttar Pradesh,UP_Mirzapur,Mirzapur,2087,303,1758,26,0,0,0,0,0,,
673,UP,Uttar Pradesh,UP_Moradabad,Moradabad,7179,1434,5618,127,0,0,0,0,0,,
674,UP,Uttar Pradesh,UP_Muzaffarnagar,Muzaffarnagar,3580,1117,2409,54,0,0,0,0,0,,
675,UP,Uttar Pradesh,UP_Pilibhit,Pilibhit,3076,417,2609,50,0,0,0,0,0,,
676,UP,Uttar Pradesh,UP_Pratapgarh,Pratapgarh,2959,796,2126,37,0,0,0,0,0,,
677,UP,Uttar Pradesh,UP_Prayagraj,Prayagraj,15268,3690,11351,227,0,0,0,0,0,,
678,UP,Uttar Pradesh,UP_Rae Bareli,Rae Bareli,2265,642,1564,59,0,0,0,0,0,,
679,UP,Uttar Pradesh,UP_Rampur,Rampur,4410,586,3788,36,0,0,0,0,0,,
680,UP,Uttar Pradesh,UP_Saharanpur,Saharanpur,6048,1621,4342,85,0,0,0,0,0,,
681,UP,Uttar Pradesh,UP_Sambhal,Sambhal,1974,277,1661,36,0,0,0,0,0,,
682,UP,Uttar Pradesh,UP_Sant Kabir Nagar,Sant Kabir Nagar,2317,237,2051,29,0,0,0,0,0,,
683,UP,Uttar Pradesh,UP_Shahjahanpur,Shahjahanpur,4761,978,3719,64,0,0,0,0,0,,
684,UP,Uttar Pradesh,UP_Shamli,Shamli,1833,452,1367,14,0,0,0,0,0,,
685,UP,Uttar Pradesh,UP_Shrawasti,Shrawasti,845,74,760,11,0,0,0,0,0,,
686,UP,Uttar Pradesh,UP_Siddharthnagar,Siddharthnagar,2780,384,2369,27,0,0,0,0,0,,
687,UP,Uttar Pradesh,UP_Sitapur,Sitapur,3033,585,2420,28,0,0,0,0,0,,
688,UP,Uttar Pradesh,UP_Sonbhadra,Sonbhadra,2345,523,1801,21,0,0,0,0,0,,
689,UP,Uttar Pradesh,UP_Sultanpur,Sultanpur,2743,467,2232,44,0,0,0,0,0,,
690,UP,Uttar Pradesh,UP_Unnao,Unnao,2925,655,2213,57,0,0,0,0,0,,
691,UP,Uttar Pradesh,UP_Varanasi,Varanasi,11325,2074,9038,213,0,0,0,0,0,,
692,UT,Uttarakhand,UT_Almora,Almora,979,189,783,4,3,0,0,0,0,,
693,UT,Uttarakhand,UT_Bageshwar,Bageshwar,469,172,296,1,0,0,0,0,0,,
694,UT,Uttarakhand,UT_Chamoli,Chamoli,593,179,411,0,3,0,0,0,0,,
695,UT,Uttarakhand,UT_Champawat,Champawat,586,244,340,2,0,0,0,0,0,,
696,UT,Uttarakhand,UT_Dehradun,Dehradun,8820,3628,4939,220,33,0,0,0,0,,
697,UT,Uttarakhand,UT_Haridwar,Haridwar,7543,2315,5132,70,26,0,0,0,0,,
698,UT,Uttarakhand,UT_Nainital,Nainital,4516,1345,3080,80,11,0,0,0,0,,
699,UT,Uttarakhand,UT_Pauri Garhwal,Pauri Garhwal,1238,526,680,10,22,0,0,0,0,,
700,UT,Uttarakhand,UT_Pithoragarh,Pithoragarh,773,285,484,4,0,0,0,0,0,,
701,UT,Uttarakhand,UT_Rudraprayag,Rudraprayag,527,217,308,1,1,0,0,0,0,,
702,UT,Uttarakhand,UT_Tehri Garhwal,Tehri Garhwal,1801,377,1422,2,0,0,0,0,0,,
703,UT,Uttarakhand,UT_Udham Singh Nagar,Udham Singh Nagar,6665,1258,5309,49,49,0,0,0,0,,
704,UT,Uttarakhand,UT_Uttarkashi,Uttarkashi,1437,333,1093,4,7,0,0,0,0,,
705,WB,West Bengal,WB_Alipurduar,Alipurduar,3527,551,2943,33,0,0,0,0,0,,
706,WB,West Bengal,WB_Bankura,Bankura,4193,701,3458,34,0,0,0,0,0,,
707,WB,West Bengal,WB_Birbhum,Birbhum,2935,393,2519,23,0,0,0,0,0,,
708,WB,West Bengal,WB_Cooch Behar,Cooch Behar,4538,612,3902,24,0,0,0,0,0,,
709,WB,West Bengal,WB_Dakshin Dinajpur,Dakshin Dinajpur,4671,423,4219,29,0,0,0,0,0,,
710,WB,West Bengal,WB_Darjeeling,Darjeeling,6602,808,5700,94,0,0,0,0,0,,
711,WB,West Bengal,WB_Hooghly,Hooghly,10608,1400,9030,178,0,0,0,0,0,,
712,WB,West Bengal,WB_Howrah,Howrah,15688,1044,14168,476,0,0,0,0,0,,
713,WB,West Bengal,WB_Jalpaiguri,Jalpaiguri,4975,641,4292,42,0,0,0,0,0,,
714,WB,West Bengal,WB_Jhargram,Jhargram,439,112,325,2,0,0,0,0,0,,
715,WB,West Bengal,WB_Kalimpong,Kalimpong,698,132,563,3,0,0,0,0,0,,
716,WB,West Bengal,WB_Kolkata,Kolkata,48102,4261,42326,1515,0,0,0,0,0,,
717,WB,West Bengal,WB_Malda,Malda,5836,539,5247,50,0,0,0,0,0,,
719,WB,West Bengal,WB_Murshidabad,Murshidabad,4714,689,3970,55,0,0,0,0,0,,
720,WB,West Bengal,WB_Nadia,Nadia,5770,884,4817,69,0,0,0,0,0,,
721,WB,West Bengal,WB_North 24 Parganas,North 24 Parganas,43175,4302,37948,925,0,0,0,0,0,,
0,WB,West Bengal,WB_Other State,Other State,66,0,63,3,0,0,0,0,0,,
722,WB,West Bengal,WB_Paschim Bardhaman,Paschim Bardhaman,5669,939,4683,47,0,0,0,0,0,,
718,WB,West Bengal,WB_Paschim Medinipur,Paschim Medinipur,7699,1600,6011,88,0,0,0,0,0,,
723,WB,West Bengal,WB_Purba Bardhaman,Purba Bardhaman,3931,589,3307,35,0,0,0,0,0,,
724,WB,West Bengal,WB_Purba Medinipur,Purba Medinipur,8929,1158,7674,97,0,0,0,0,0,,
725,WB,West Bengal,WB_Purulia,Purulia,2435,618,1804,13,0,0,0,0,0,,
726,WB,West Bengal,WB_South 24 Parganas,South 24 Parganas,14246,1440,12545,261,0,0,0,0,0,,
727,WB,West Bengal,WB_Uttar Dinajpur,Uttar Dinajpur,2937,311,2599,27,0,0,0,0,0,,
728,AN,Andaman and Nicobar Islands,AN_Unknown,Unknown,3541,177,3312,52,0,0,0,0,0,,
729,AP,Andhra Pradesh,AP_Unknown,Unknown,0,0,0,0,0,0,0,0,0,,
730,AR,Arunachal Pradesh,AR_Unknown,Unknown,0,0,0,0,0,0,0,0,0,,
731,AS,Assam,AS_Unknown,Unknown,50817,-23549,74212,151,3,0,0,0,0,,
732,BR,Bihar,BR_Unknown,Unknown,0,0,0,0,0,0,0,0,0,,
733,CH,Chandigarh,CH_Unknown,Unknown,0,0,0,0,0,0,0,0,0,,
734,CT,Chhattisgarh,CT_Unknown,Unknown,0,0,0,0,0,0,0,0,0,,
735,DN,Dadra and Nagar Haveli and Daman and Diu,DN_Unknown,Unknown,0,0,0,0,0,0,0,0,0,,
737,DL,Delhi,DL_Unknown,Unknown,229481,30127,194516,4838,0,0,0,0,0,,
738,GA,Goa,GA_Unknown,Unknown,19760,1749,17884,127,0,0,0,0,0,,
739,GJ,Gujarat,GJ_Unknown,Unknown,0,0,0,0,0,0,0,0,0,,
740,HR,Haryana,HR_Unknown,Unknown,0,0,0,0,0,0,0,0,0,,
741,HP,Himachal Pradesh,HP_Unknown,Unknown,0,-3,0,0,3,0,0,0,0,,
742,JK,Jammu and Kashmir,JK_Unknown,Unknown,0,0,0,0,0,0,0,0,0,,
743,JH,Jharkhand,JH_Unknown,Unknown,0,0,0,0,0,0,0,0,0,,
744,KA,Karnataka,KA_Unknown,Unknown,0,0,0,0,0,0,0,0,0,,
745,KL,Kerala,KL_Unknown,Unknown,0,0,0,0,0,0,0,0,0,,
746,LA,Ladakh,LA_Unknown,Unknown,0,0,0,0,0,0,0,0,0,,
747,LD,Lakshadweep,LD_Unknown,Unknown,0,0,0,0,0,0,0,0,0,,
748,MP,Madhya Pradesh,MP_Unknown,Unknown,0,0,0,0,0,0,0,0,0,,
749,MH,Maharashtra,MH_Unknown,Unknown,0,0,0,0,0,0,0,0,0,,
750,MN,Manipur,MN_Unknown,Unknown,211,-4602,4811,2,0,0,0,0,0,,
751,ML,Meghalaya,ML_Unknown,Unknown,0,0,0,0,0,0,0,0,0,,
752,MZ,Mizoram,MZ_Unknown,Unknown,0,0,0,0,0,0,0,0,0,,
753,NL,Nagaland,NL_Unknown,Unknown,0,0,0,0,0,0,0,0,0,,
754,OR,Odisha,OR_Unknown,Unknown,0,0,0,0,0,0,0,0,0,,
755,PY,Puducherry,PY_Unknown,Unknown,0,0,0,0,0,0,0,0,0,,
756,PB,Punjab,PB_Unknown,Unknown,0,0,0,0,0,0,0,0,0,,
757,RJ,Rajasthan,RJ_Unknown,Unknown,0,0,0,0,0,0,0,0,0,,
758,SK,Sikkim,SK_Unknown,Unknown,212,-331,527,16,0,0,0,0,0,,
759,TN,Tamil Nadu,TN_Unknown,Unknown,0,0,0,0,0,0,0,0,0,,
760,TG,Telangana,TG_Unknown,Unknown,457,-133522,133004,975,0,0,0,0,0,,
761,TR,Tripura,TR_Unknown,Unknown,0,0,0,0,0,0,0,0,0,,
762,UP,Uttar Pradesh,UP_Unknown,Unknown,0,0,0,0,0,0,0,0,0,,
763,UT,Uttarakhand,UT_Unknown,Unknown,0,0,0,0,0,0,0,0,0,,
764,WB,West Bengal,WB_Unknown,Unknown,0,0,0,0,0,0,0,0,0,,